Suburb,2014,2015,2016,2017,2018,2019,2020,2021,2022,2023,2024,Prelim 2025,Change 23-24,Change 14-24,PA 14-24,PA 2014-24,PA 2015-24,PA 2016-24,PA 2017-24,PA 2018-24,PA 2019-24,PA 2020-24,PA 2021-24,PA 2022-24,PA 2023-24
ABBOTSFORD,862500.0,925000.0,1187500.0,1280000.0,1192500.0,1050000.0,1200000.0,1365000.0,1346000.0,1257500.0,1232500.0,^ 1292500,-2.0,43.0,3.6,3.6,3.2,0.5,-0.5,0.6,3.3,0.7,-3.3,-4.3,-2.0
ABERFELDIE,1045000.0,1207500.0,1300000.0,1471000.0,1498500.0,1390000.0,1520000.0,1858000.0,1915000.0,1631000.0,1950000.0,^ 1812500,20.0,87.0,6.4,6.4,5.5,5.2,4.1,4.5,7.0,6.4,1.6,0.9,19.6
AIRPORT WEST,575000.0,635000.0,742000.0,845000.0,845000.0,795000.0,812500.0,960000.0,911000.0,952500.0,940000.0,925000,-1.0,63.0,5.0,5.0,4.5,3.0,1.5,1.8,3.4,3.7,-0.7,1.6,-1.3
ALBANVALE,328000.0,345000.0,439000.0,526500.0,546000.0,512000.0,545000.0,610000.0,600000.0,595000.0,613000.0,610000,3.0,87.0,6.5,6.5,6.6,4.3,2.2,1.9,3.7,3.0,0.2,1.1,3.0
ALBERT PARK,1503000.0,1700000.0,1775000.0,2150000.0,2070000.0,1990000.0,1900000.0,2355000.0,2475000.0,2287500.0,2225000.0,^ 1630000,-3.0,48.0,4.0,4.0,3.0,2.9,0.5,1.2,2.3,4.0,-1.9,-5.2,-2.7
ALBION,432000.0,481000.0,593000.0,730000.0,755000.0,675000.0,727500.0,832500.0,830000.0,765000.0,735000.0,^ 739000,-4.0,70.0,5.5,5.5,4.8,2.7,0.1,-0.4,1.7,0.3,-4.1,-5.9,-3.9
ALPHINGTON,1029000.0,1296500.0,1272500.0,1560000.0,1612500.0,1455000.0,1865000.0,2253000.0,2195000.0,2110000.0,2080000.0,^ 2080000,-1.0,102.0,7.3,7.3,5.4,6.3,4.2,4.3,7.4,2.8,-2.6,-2.7,-1.4
ALTONA,646500.0,718000.0,832500.0,950000.0,932500.0,890000.0,914000.0,1162500.0,1180000.0,1142500.0,1170000.0,1100000,2.0,81.0,6.1,6.1,5.6,4.3,3.0,3.9,5.6,6.4,0.2,-0.4,2.4
ALTONA MEADOWS,413000.0,440000.0,495000.0,626500.0,631500.0,615000.0,640000.0,720000.0,740000.0,690000.0,717000.0,^ 662500,4.0,74.0,5.7,5.7,5.6,4.7,1.9,2.1,3.1,2.9,-0.1,-1.6,3.9
ALTONA NORTH,555000.0,642500.0,725000.0,825000.0,835000.0,790000.0,832500.0,900500.0,940000.0,881000.0,917000.0,950000,4.0,65.0,5.1,5.1,4.0,3.0,1.5,1.6,3.0,2.4,0.6,-1.2,4.1
ARDEER,360000.0,381500.0,517500.0,595000.0,629000.0,572000.0,615000.0,719000.0,682000.0,628500.0,680000.0,^ 625000,8.0,89.0,6.6,6.6,6.6,3.5,1.9,1.3,3.5,2.5,-1.8,-0.1,8.2
ASCOT VALE,810000.0,885000.0,1010000.0,1185000.0,1197500.0,1100000.0,1210000.0,1245000.0,1325000.0,1300500.0,1300000.0,1164000,0.0,60.0,4.8,4.8,4.4,3.2,1.3,1.4,3.4,1.8,1.5,-0.9,-0.0
ASHBURTON,1200000.0,1435000.0,1567500.0,1812500.0,1712500.0,1641500.0,1600000.0,2000000.0,1986000.0,2015000.0,1907000.0,^ 1647500,-5.0,59.0,4.7,4.7,3.2,2.5,0.7,1.8,3.0,4.5,-1.6,-2.0,-5.4
ASHWOOD,888000.0,1140000.0,1230000.0,1359000.0,1210000.0,1100000.0,1250500.0,1450000.0,1567500.0,1455000.0,1442500.0,^ 1825000,-1.0,62.0,5.0,5.0,2.6,2.0,0.9,3.0,5.6,3.6,-0.2,-4.1,-0.9
ASPENDALE,690000.0,795500.0,891000.0,1125000.0,980000.0,994000.0,1120000.0,1321500.0,1440000.0,1360000.0,1315000.0,^ 1252000,-3.0,91.0,6.7,6.7,5.7,5.0,2.3,5.0,5.8,4.1,-0.2,-4.4,-3.3
ASPENDALE GARDENS,632000.0,715000.0,775000.0,882500.0,935000.0,844000.0,970000.0,1130500.0,1150000.0,1117000.0,1210500.0,^ 1237500,8.0,92.0,6.7,6.7,6.0,5.7,4.6,4.4,7.5,5.7,2.3,2.6,8.4
AVONDALE HEIGHTS,562500.0,650000.0,750000.0,845500.0,830000.0,810000.0,842500.0,965500.0,990000.0,938500.0,980500.0,912500,4.0,74.0,5.7,5.7,4.7,3.4,2.1,2.8,3.9,3.9,0.5,-0.5,4.5
BALACLAVA,942000.0,1100000.0,1242500.0,1385500.0,1190000.0,1405000.0,1418000.0,1550000.0,1527000.0,1500000.0,1377500.0,^ 1008000,-8.0,46.0,3.9,3.9,2.5,1.3,-0.1,2.5,-0.4,-0.7,-3.9,-5.0,-8.2
BALWYN,1780000.0,2210000.0,2180000.0,2340000.0,2420000.0,2377500.0,2260000.0,2750000.0,2862000.0,2965000.0,2868000.0,2950000,-3.0,61.0,4.9,4.9,2.9,3.5,2.9,2.9,3.8,6.1,1.4,0.1,-3.3
BALWYN NORTH,1452000.0,1850000.0,1800000.0,1950000.0,1810000.0,1720000.0,1900000.0,2255500.0,2229000.0,2382500.0,2310000.0,^ 1808000,-3.0,59.0,4.8,4.8,2.5,3.2,2.4,4.1,6.1,5.0,0.8,1.8,-3.0
BAYSWATER,525000.0,632500.0,693000.0,800500.0,753000.0,720000.0,745500.0,870000.0,902000.0,870000.0,862000.0,812500,-1.0,64.0,5.1,5.1,3.5,2.8,1.1,2.3,3.7,3.7,-0.3,-2.2,-0.9
BAYSWATER NORTH,490000.0,580000.0,628000.0,737500.0,713000.0,695000.0,734500.0,855500.0,869500.0,843000.0,899000.0,^ 830000,7.0,83.0,6.3,6.3,5.0,4.6,2.9,3.9,5.3,5.2,1.7,1.7,6.6
BEAUMARIS,1134000.0,1345000.0,1455000.0,1611000.0,1674000.0,1587500.0,1725000.0,2100000.0,2061000.0,2055000.0,2061000.0,2272500,0.0,82.0,6.2,6.2,4.9,4.4,3.6,3.5,5.4,4.5,-0.6,0.0,0.3
BELGRAVE,426000.0,482500.0,545000.0,620000.0,676000.0,636000.0,680000.0,784000.0,850000.0,815000.0,800000.0,^ 905500,-2.0,88.0,6.5,6.5,5.8,4.9,3.7,2.8,4.7,4.1,0.7,-3.0,-1.8
BELGRAVE HEIGHTS,480000.0,590500.0,624000.0,687500.0,701500.0,685000.0,737500.0,902500.0,1055500.0,,1025000.0,,21.0,114.0,7.9,7.9,6.3,6.4,5.9,6.5,8.4,8.6,4.3,-1.5,
BENTLEIGH,1050000.0,1245000.0,1380000.0,1470000.0,1394000.0,1376000.0,1510000.0,1747000.0,1726500.0,1691000.0,1641500.0,1522500,-3.0,56.0,4.6,4.6,3.1,2.2,1.6,2.8,3.6,2.1,-2.1,-2.5,-2.9
BENTLEIGH EAST,850000.0,1000500.0,1115000.0,,1205000.0,1200000.0,1255000.0,1480000.0,1490000.0,1430000.0,1497000.0,,5.0,76.0,5.8,5.8,4.6,3.8,,3.7,4.5,4.5,0.4,0.2,4.7
BLACK ROCK,1400000.0,1545000.0,1745000.0,,2029000.0,1793000.0,1920000.0,2600000.0,2565000.0,2300000.0,2400000.0,,4.0,71.0,5.5,5.5,5.0,4.1,,2.8,6.0,5.7,-2.6,-3.3,4.3
BLACKBURN,936000.0,1200500.0,1241000.0,,1370500.0,1305000.0,1405000.0,1639500.0,1549500.0,1569000.0,1517000.0,,-3.0,62.0,5.0,4.9,2.6,2.5,,1.7,3.1,1.9,-2.6,-1.1,-3.3
BLACKBURN NORTH,790000.0,921500.0,1040000.0,,1038000.0,1017500.0,1090000.0,1300000.0,1230000.0,1284500.0,1273000.0,,-1.0,61.0,4.9,4.9,3.7,2.6,,3.5,4.6,4.0,-0.7,1.7,-0.9
BLACKBURN SOUTH,780000.0,920500.0,1050000.0,,1063500.0,1034000.0,1100500.0,1338500.0,1288000.0,1355000.0,1350000.0,,0.0,73.0,5.6,5.6,4.3,3.2,,4.1,5.5,5.2,0.3,2.4,-0.4
BONBEACH,635000.0,700000.0,778000.0,,910000.0,855000.0,930000.0,1115000.0,1180000.0,1120000.0,1025000.0,,-8.0,61.0,4.9,4.9,4.3,3.5,,2.0,3.7,2.5,-2.8,-6.8,-8.5
BORONIA,500500.0,592500.0,648500.0,,742500.0,680000.0,715000.0,845000.0,829000.0,855000.0,849500.0,,-1.0,70.0,5.4,5.4,4.1,3.4,,2.3,4.6,4.4,0.2,1.2,-0.6
BOX HILL,1067000.0,1350000.0,1360500.0,,1700500.0,1545000.0,1512500.0,1630500.0,1726000.0,1680000.0,1705000.0,,1.0,60.0,4.8,4.8,2.6,2.9,,0.0,2.0,3.0,1.5,-0.6,1.5
BOX HILL NORTH,857500.0,1060000.0,1146000.0,,1188000.0,1200000.0,1191500.0,1320500.0,1320000.0,1333000.0,1340000.0,,1.0,56.0,4.6,4.6,2.6,2.0,,2.0,2.2,3.0,0.5,0.8,0.5
BOX HILL SOUTH,910000.0,1153000.0,1255000.0,,1285500.0,1177500.0,1252500.0,1560000.0,1440000.0,1500000.0,1480000.0,,-1.0,63.0,5.0,5.0,2.8,2.1,,2.4,4.7,4.3,-1.7,1.4,-1.3
BRAYBROOK,479500.0,550000.0,629000.0,,728500.0,646500.0,669500.0,739500.0,794500.0,720000.0,725500.0,,1.0,51.0,4.2,4.2,3.1,1.8,,-0.1,2.3,2.0,-0.6,-4.4,0.8
BRIAR HILL,633000.0,680000.0,721500.0,,880000.0,823500.0,863000.0,1015000.0,984500.0,1001000.0,950000.0,,-5.0,50.0,4.1,4.1,3.8,3.5,,1.3,2.9,2.4,-2.2,-1.8,-5.1
BRIGHTON,1940000.0,2307500.0,2740000.0,,2888000.0,2675000.0,3148500.0,3510000.0,3467500.0,3280000.0,3405500.0,,4.0,76.0,5.8,5.8,4.4,2.8,,2.8,4.9,2.0,-1.0,-0.9,3.8
BRIGHTON EAST,1300500.0,1600000.0,1750000.0,,1880000.0,1700000.0,1950000.0,2265000.0,2312500.0,2425000.0,2200000.0,,-9.0,69.0,5.4,5.4,3.6,2.9,,2.7,5.3,3.1,-1.0,-2.5,-9.3
BROOKLYN,540000.0,602000.0,700500.0,834000.0,695000.0,672500.0,712500.0,850000.0,810000.0,,810000.0,^ 805000,9.0,50.0,4.1,4.1,3.4,1.8,-0.4,2.6,3.8,3.3,-1.6,0.0,
BRUNSWICK,812500.0,861000.0,947000.0,1200000.0,1100000.0,1037500.0,1100000.0,1350000.0,1330000.0,1300000.0,1300000.0,1250000,0.0,60.0,4.8,4.8,4.7,4.0,1.2,2.8,4.6,4.3,-1.3,-1.1,0.0
BRUNSWICK EAST,820000.0,888000.0,998000.0,1150000.0,1170000.0,1011500.0,1286500.0,1440000.0,1350000.0,1403000.0,1353000.0,^ 1740000,-4.0,65.0,5.1,5.1,4.8,3.9,2.3,2.5,6.0,1.3,-2.1,0.1,-3.6
BRUNSWICK WEST,790000.0,863000.0,1002500.0,1155000.0,1160000.0,1061000.0,1180000.0,1324000.0,1285500.0,1277500.0,1327500.0,1080000,4.0,68.0,5.3,5.3,4.9,3.6,2.0,2.3,4.6,3.0,0.1,1.6,3.9
BULLEEN,861000.0,1095000.0,1170000.0,1300000.0,1230000.0,1105000.0,1177000.0,1355000.0,1386000.0,1400000.0,1300000.0,^ 1217500,-7.0,51.0,4.2,4.2,1.9,1.3,0.0,0.9,3.3,2.5,-1.4,-3.2,-7.1
BUNDOORA,553500.0,600500.0,652000.0,753000.0,730000.0,732500.0,745000.0,865000.0,853000.0,855000.0,865000.0,862000,1.0,56.0,4.6,4.6,4.1,3.6,2.0,2.9,3.4,3.8,0.0,0.7,1.2
BURNLEY,1100000.0,999000.0,1215000.0,1405000.0,1277500.0,1188500.0,,1595000.0,1565000.0,1582500.0,,^ 1100000,-10.0,30.0,2.7,,,,,,,,,,
BURWOOD,921000.0,1190000.0,1219000.0,1357000.0,1320000.0,1170000.0,1277500.0,1430000.0,1381000.0,1495000.0,1370000.0,^ 1445000,-8.0,49.0,4.1,4.1,1.6,1.5,0.1,0.6,3.2,1.8,-1.4,-0.4,-8.4
BURWOOD EAST,782000.0,982000.0,1021000.0,1126500.0,1005000.0,1106000.0,1168500.0,1250500.0,1259000.0,1281000.0,1285500.0,1191500,0.0,64.0,5.1,5.1,3.0,2.9,1.9,4.2,3.1,2.4,0.9,1.0,0.4
CAIRNLEA,545000.0,540000.0,608500.0,710000.0,734000.0,752500.0,807500.0,850000.0,941500.0,940000.0,932500.0,961500,-1.0,71.0,5.5,5.5,6.3,5.5,4.0,4.1,4.4,3.7,3.1,-0.5,-0.8
CAMBERWELL,1655000.0,1912500.0,2090000.0,2300000.0,2155000.0,2070000.0,2072500.0,2569000.0,2650000.0,2538000.0,2600000.0,^ 2410000,2.0,57.0,4.6,4.6,3.5,2.8,1.8,3.2,4.7,5.8,0.4,-0.9,2.4
CANTERBURY,2100000.0,2523000.0,2620000.0,3140000.0,2533000.0,2902500.0,2705000.0,3389000.0,3460000.0,3380000.0,3212500.0,^ 1980000,-5.0,53.0,4.3,4.3,2.7,2.6,0.3,4.0,2.1,4.4,-1.8,-3.6,-5.0
CARLTON,1020000.0,830000.0,1050000.0,1470000.0,1625000.0,1308000.0,1452500.0,1492500.0,1512500.0,1500000.0,1390000.0,^ 1360000,-7.0,36.0,3.1,3.1,5.9,3.6,-0.8,-2.6,1.2,-1.1,-2.3,-4.1,-7.3
CARLTON NORTH,1095000.0,1177500.0,1360000.0,1628000.0,1445000.0,1555000.0,1500000.0,1712000.0,1660000.0,1490000.0,1515000.0,1502500,2.0,38.0,3.3,3.3,2.8,1.4,-1.0,0.8,-0.5,0.2,-4.0,-4.5,1.7
CARNEGIE,1007500.0,1300000.0,1348500.0,1510000.0,1445000.0,1313500.0,1420000.0,1776000.0,1687500.0,1675000.0,1715000.0,^ 1962500,2.0,70.0,5.5,5.5,3.1,3.1,1.8,2.9,5.5,4.8,-1.2,0.8,2.4
CARRUM,536000.0,611000.0,750000.0,835500.0,860000.0,770000.0,830500.0,967000.0,965000.0,1030000.0,1040000.0,^ 860500,1.0,94.0,6.9,6.9,6.1,4.2,3.2,3.2,6.2,5.8,2.5,3.8,1.0
CARRUM DOWNS,346000.0,370000.0,430000.0,525000.0,575000.0,537000.0,575000.0,665000.0,705000.0,697500.0,716500.0,720000,3.0,107.0,7.5,7.6,7.6,6.6,4.5,3.7,5.9,5.7,2.5,0.8,2.7
CAULFIELD,1322000.0,1650000.0,1715000.0,1885000.0,1701000.0,1762500.0,1818500.0,2060000.0,2079000.0,1786000.0,2335000.0,^ 2245000,31.0,77.0,5.9,5.9,3.9,3.9,3.1,5.4,5.8,6.4,4.3,6.0,30.7
CAULFIELD EAST,1168000.0,1167500.0,1300000.0,1500000.0,1322500.0,1375000.0,1442500.0,,,,1705000.0,,18.0,46.0,3.9,3.9,4.3,3.4,1.8,4.3,4.4,4.3,,,
CAULFIELD NORTH,1480000.0,1875000.0,2181000.0,2285000.0,1960000.0,2112000.0,2360000.0,2697500.0,2650000.0,2620000.0,2450000.0,^ 2100000,-6.0,66.0,5.2,5.2,3.0,1.5,1.0,3.8,3.0,0.9,-3.2,-3.8,-6.5
CAULFIELD SOUTH,1200000.0,1375000.0,1517500.0,1690000.0,1600000.0,1494500.0,1750000.0,1950000.0,1845000.0,1970000.0,1800000.0,^ 1407500,-9.0,50.0,4.1,4.1,3.0,2.2,0.9,2.0,3.8,0.7,-2.6,-1.2,-8.6
CHELSEA,580000.0,730000.0,890000.0,914000.0,905000.0,856500.0,980000.0,1167500.0,1140000.0,1180000.0,1210000.0,^ 980000,3.0,109.0,7.6,7.6,5.8,3.9,4.1,5.0,7.2,5.4,1.2,3.0,2.5
CHELSEA HEIGHTS,513000.0,598000.0,641000.0,750000.0,778000.0,750000.0,805000.0,977500.0,935000.0,906500.0,932500.0,^ 955000,3.0,82.0,6.2,6.2,5.1,4.8,3.2,3.1,4.5,3.7,-1.6,-0.1,2.9
CHELTENHAM,774000.0,867000.0,942500.0,1170000.0,1105000.0,1035000.0,1130000.0,1306000.0,1350000.0,1335000.0,1332500.0,1265000,0.0,72.0,5.6,5.6,4.9,4.4,1.9,3.2,5.2,4.2,0.7,-0.7,-0.2
CHIRNSIDE PARK,490500.0,542500.0,627000.0,735000.0,700000.0,680500.0,750000.0,900000.0,920000.0,900000.0,890500.0,854500,-1.0,82.0,6.1,6.1,5.7,4.5,2.8,4.1,5.5,4.4,-0.4,-1.6,-1.1
CLARINDA,606500.0,682500.0,751000.0,866000.0,802500.0,820000.0,851500.0,1024500.0,1060000.0,950000.0,985500.0,^ 1101000,4.0,62.0,5.0,5.0,4.2,3.5,1.9,3.5,3.7,3.7,-1.3,-3.6,3.7
CLAYTON,750000.0,976000.0,1010500.0,1250000.0,1255000.0,1158000.0,1055000.0,1200000.0,1105000.0,1170000.0,1165000.0,^ 1007500,0.0,55.0,4.5,4.5,2.0,1.8,-1.0,-1.2,0.1,2.5,-1.0,2.7,-0.4
CLAYTON SOUTH,580000.0,687500.0,755000.0,850500.0,850000.0,832000.0,830000.0,982500.0,975000.0,950000.0,961500.0,^ 985000,1.0,66.0,5.2,5.2,3.8,3.1,1.8,2.1,2.9,3.7,-0.7,-0.7,1.2
CLIFTON HILL,965000.0,1085000.0,1220000.0,1390000.0,1364500.0,1348000.0,1375000.0,1750000.0,1710000.0,1785000.0,1505000.0,^ 1782500,-16.0,56.0,4.5,4.5,3.7,2.7,1.1,1.6,2.2,2.3,-4.9,-6.2,-15.7
COBURG,710000.0,778000.0,876000.0,1000000.0,966500.0,935500.0,1085000.0,1257500.0,1213000.0,1183000.0,1150000.0,1340000,-3.0,62.0,4.9,4.9,4.4,3.5,2.0,2.9,4.2,1.5,-2.9,-2.6,-2.8
COBURG NORTH,600000.0,665000.0,780000.0,822000.0,814000.0,805000.0,899000.0,1008500.0,1020000.0,985000.0,1071000.0,^ 872500,9.0,79.0,6.0,6.0,5.4,4.0,3.9,4.7,5.9,4.5,2.0,2.5,8.7
COLLINGWOOD,775000.0,914000.0,920000.0,1205000.0,1110000.0,1060000.0,1155000.0,1251500.0,1289000.0,1225000.0,1184000.0,^ 920000,-3.0,53.0,4.3,4.3,2.9,3.2,-0.3,1.1,2.2,0.6,-1.8,-4.2,-3.3
CREMORNE,886500.0,1030000.0,1072000.0,1230000.0,1420000.0,1290000.0,1410000.0,1500000.0,1315000.0,1335000.0,1237500.0,^ 1280000,-7.0,40.0,3.4,3.4,2.1,1.8,0.1,-2.3,-0.8,-3.2,-6.2,-3.0,-7.3
CROYDON,525000.0,605000.0,695000.0,809000.0,792500.0,735000.0,785000.0,920000.0,900000.0,920000.0,923000.0,900000,0.0,76.0,5.8,5.8,4.8,3.6,1.9,2.6,4.7,4.1,0.1,1.3,0.3
CROYDON HILLS,606000.0,697000.0,730000.0,875000.0,877500.0,835000.0,920000.0,1100000.0,1107000.0,1182500.0,1190000.0,^ 1125500,1.0,96.0,7.0,7.0,6.1,6.3,4.5,5.2,7.3,6.6,2.7,3.7,0.6
CROYDON NORTH,600000.0,702500.0,790500.0,872000.0,840000.0,827500.0,860500.0,1050000.0,1069000.0,1075000.0,1095000.0,^ 984000,2.0,83.0,6.2,6.2,5.1,4.2,3.3,4.5,5.8,6.2,1.4,1.2,1.9
CROYDON SOUTH,530000.0,600000.0,655000.0,800000.0,757500.0,715500.0,740000.0,890000.0,864000.0,890000.0,915000.0,^ 915000,3.0,73.0,5.6,5.6,4.8,4.3,1.9,3.2,5.0,5.5,0.9,2.9,2.8
DANDENONG,439000.0,485000.0,555500.0,620000.0,640000.0,601000.0,630000.0,700000.0,740000.0,693000.0,720500.0,740000,4.0,64.0,5.1,5.1,4.5,3.3,2.2,2.0,3.7,3.4,1.0,-1.3,4.0
DANDENONG NORTH,415500.0,481000.0,551000.0,633500.0,640000.0,606500.0,640000.0,729000.0,740000.0,725000.0,756000.0,710000,4.0,82.0,6.2,6.2,5.2,4.0,2.6,2.8,4.5,4.3,1.2,1.1,4.3
DEEPDENE,2215000.0,2750000.0,2600000.0,2862500.0,2692500.0,2858000.0,3150000.0,3262500.0,3001000.0,3030500.0,3633000.0,,20.0,64.0,5.1,5.1,3.1,4.3,3.5,5.1,4.9,3.6,3.7,10.0,19.9
DEER PARK,365000.0,390000.0,441000.0,552500.0,580000.0,550000.0,580000.0,630000.0,635000.0,640000.0,657500.0,670000,3.0,80.0,6.1,6.1,6.0,5.1,2.5,2.1,3.6,3.2,1.4,1.8,2.7
DELAHEY,370000.0,400000.0,458000.0,545000.0,575000.0,530000.0,575000.0,645000.0,650000.0,639000.0,642500.0,^ 625000,1.0,74.0,5.7,5.7,5.4,4.3,2.4,1.9,3.9,2.8,-0.1,-0.6,0.5
DERRIMUT,435000.0,466000.0,530000.0,635000.0,615000.0,649000.0,658000.0,715000.0,770000.0,740000.0,750000.0,^ 725000,1.0,72.0,5.6,5.6,5.4,4.4,2.4,3.4,2.9,3.3,1.6,-1.3,1.4
DINGLEY VILLAGE,607000.0,690000.0,775500.0,887000.0,840500.0,810000.0,934000.0,1050000.0,1112000.0,1090000.0,1124500.0,1007500,3.0,85.0,6.4,6.4,5.6,4.8,3.4,5.0,6.8,4.7,2.3,0.6,3.2
DONCASTER,999000.0,1176000.0,1297500.0,1368000.0,1320000.0,1270000.0,1280000.0,1500000.0,1500000.0,1547500.0,1480500.0,1392500,-4.0,48.0,4.0,4.0,2.6,1.7,1.1,1.9,3.1,3.7,-0.4,-0.7,-4.3
DONCASTER EAST,894500.0,1113500.0,1230000.0,1360000.0,1222000.0,1198000.0,1255000.0,1493500.0,1533000.0,1630000.0,1603500.0,1430000,-2.0,79.0,6.0,6.0,4.1,3.4,2.4,4.6,6.0,6.3,2.4,2.3,-1.6
DONVALE,840000.0,964000.0,970000.0,1200000.0,1182500.0,1140000.0,1195000.0,1337500.0,1440000.0,1438000.0,1514000.0,^ 1210000,5.0,80.0,6.1,6.1,5.1,5.7,3.4,4.2,5.8,6.1,4.2,2.5,5.3
EAGLEMONT,1522000.0,1740000.0,1901000.0,1963000.0,1955000.0,1863000.0,2029000.0,2390000.0,2425000.0,2551000.0,2200000.0,^ 3210000,-14.0,45.0,3.8,3.8,2.6,1.8,1.6,2.0,3.4,2.0,-2.7,-4.8,-13.8
EAST MELBOURNE,1850000.0,2750000.0,3655000.0,3585000.0,2675000.0,3090000.0,2862500.0,3300000.0,3127500.0,3171500.0,3650000.0,^ 1696000,15.0,97.0,7.0,7.0,3.2,-0.0,0.3,5.3,3.4,6.3,3.4,8.0,15.1
EDITHVALE,670000.0,766000.0,930000.0,1058500.0,1047500.0,950000.0,1029500.0,1240000.0,1330000.0,1270500.0,1310000.0,^ 1225000,3.0,96.0,6.9,6.9,6.1,4.4,3.1,3.8,6.6,6.2,1.8,-0.8,3.1
ELSTERNWICK,1315000.0,1621000.0,1723500.0,2087500.0,1970000.0,1825000.0,2081000.0,2175000.0,2265000.0,2240000.0,1953000.0,^ 1867500,-13.0,49.0,4.0,4.0,2.1,1.6,-0.9,-0.1,1.4,-1.6,-3.5,-7.1,-12.8
ELTHAM,670000.0,750000.0,815000.0,930000.0,942500.0,928000.0,995000.0,1234500.0,1255000.0,1190000.0,1245500.0,1200000,5.0,86.0,6.4,6.4,5.8,5.4,4.3,4.8,6.1,5.8,0.3,-0.4,4.7
ELTHAM NORTH,680000.0,758000.0,854500.0,900000.0,930500.0,930000.0,1050000.0,1237500.0,1237000.0,1250000.0,1244000.0,1220000,0.0,83.0,6.2,6.2,5.7,4.8,4.7,5.0,6.0,4.3,0.2,0.3,-0.5
ELWOOD,1412500.0,1631000.0,1841500.0,1900000.0,2140000.0,1950000.0,2110000.0,2217500.0,2605000.0,2210000.0,2075000.0,^ 2100000,-6.0,47.0,3.9,3.9,2.7,1.5,1.3,-0.5,1.3,-0.4,-2.2,-10.8,-6.1
ESSENDON,942000.0,1228000.0,1365000.0,1400000.0,1691000.0,1450000.0,1520000.0,1750000.0,1845500.0,1795000.0,1741500.0,1425000,-3.0,85.0,6.3,6.3,4.0,3.1,3.2,0.5,3.7,3.5,-0.2,-2.9,-3.0
ESSENDON NORTH,840000.0,808000.0,875000.0,1100000.0,1145000.0,1100000.0,1260000.0,1400000.0,1510000.0,1212000.0,1231000.0,^ 1202500,2.0,47.0,3.9,3.9,4.8,4.4,1.6,1.2,2.3,-0.6,-4.2,-9.7,1.6
ESSENDON WEST,785000.0,920000.0,962500.0,1296000.0,1221000.0,1180000.0,1275000.0,1390000.0,1265500.0,1165000.0,1675000.0,^ 1550000,44.0,113.0,7.9,7.9,6.9,7.2,3.7,5.4,7.3,7.1,6.4,15.0,43.8
FAIRFIELD,945000.0,1111500.0,1303000.0,1496000.0,1316000.0,1295000.0,1395500.0,1700000.0,1770000.0,1585000.0,1625000.0,^ 1400000,3.0,72.0,5.6,5.6,4.3,2.8,1.2,3.6,4.6,3.9,-1.5,-4.2,2.5
FAWKNER,444000.0,510000.0,587500.0,705000.0,720000.0,665000.0,715000.0,815000.0,770000.0,770000.0,780000.0,805000,1.0,76.0,5.8,5.8,4.8,3.6,1.5,1.3,3.2,2.2,-1.5,0.6,1.3
FERNTREE GULLY,505000.0,599000.0,660000.0,749000.0,732500.0,692000.0,750000.0,865000.0,873000.0,890000.0,888500.0,840000,0.0,76.0,5.8,5.8,4.5,3.8,2.5,3.3,5.1,4.3,0.9,0.9,-0.2
FITZROY,1130000.0,1297500.0,1600000.0,1625000.0,1450000.0,1400000.0,1400000.0,1518000.0,1502500.0,1530000.0,1750000.0,^ 1290000,14.0,55.0,4.5,4.5,3.4,1.1,1.1,3.2,4.6,5.7,4.9,7.9,14.4
FITZROY NORTH,1014000.0,1188000.0,1279000.0,1450000.0,1475000.0,1385000.0,1600000.0,1706000.0,1632500.0,1605000.0,1540000.0,^ 1282500,-4.0,52.0,4.3,4.3,2.9,2.3,0.9,0.7,2.1,-1.0,-3.4,-2.9,-4.0
FLEMINGTON,730000.0,830000.0,918000.0,1100000.0,926500.0,1000000.0,1028500.0,1250000.0,1103500.0,1017000.0,1085000.0,^ 1022000,7.0,49.0,4.0,4.0,3.0,2.1,-0.2,2.7,1.6,1.3,-4.6,-0.8,6.7
FOOTSCRAY,645000.0,690500.0,775000.0,883500.0,899000.0,812000.0,870000.0,962500.0,993000.0,920000.0,960000.0,942500,4.0,49.0,4.1,4.1,3.7,2.7,1.2,1.1,3.4,2.5,-0.1,-1.7,4.3
FOREST HILL,721000.0,892000.0,933500.0,1060000.0,935000.0,900000.0,986000.0,1207500.0,1155500.0,1251000.0,1200000.0,^ 1407500,-4.0,66.0,5.2,5.2,3.4,3.2,1.8,4.2,5.9,5.0,-0.2,1.9,-4.1
FRANKSTON,372000.0,426000.0,474000.0,600000.0,605000.0,581000.0,621500.0,750000.0,764500.0,736000.0,740000.0,725000,1.0,99.0,7.1,7.1,6.3,5.7,3.0,3.4,5.0,4.5,-0.4,-1.6,0.5
FRANKSTON NORTH,269000.0,297000.0,352000.0,470000.0,502000.0,423000.0,450000.0,580000.0,610000.0,574000.0,595000.0,597500,4.0,121.0,8.3,8.3,8.0,6.8,3.4,2.9,7.1,7.2,0.9,-1.2,3.7
FRANKSTON SOUTH,560000.0,620000.0,690000.0,815500.0,855000.0,817500.0,860000.0,1150000.0,1200000.0,1160000.0,1150000.0,1045000,-1.0,105.0,7.5,7.5,7.1,6.6,5.0,5.1,7.1,7.5,0.0,-2.1,-0.9
GARDENVALE,,,1857500.0,1880000.0,1830000.0,1740000.0,,2120000.0,,2300000.0,1810000.0,,-21.0,53.0,4.4,,,-0.3,-0.5,-0.2,0.8,,-5.1,,-21.3
GLEN HUNTLY,1135000.0,1350000.0,1330000.0,1415000.0,1253000.0,1440000.0,1342500.0,2002500.0,1570000.0,1735500.0,1535000.0,,-12.0,35.0,3.1,3.1,1.4,1.8,1.2,3.4,1.3,3.4,-8.5,-1.1,-11.6
GLEN IRIS,1500000.0,1800000.0,1935000.0,2025000.0,1927500.0,1967000.0,2136000.0,2492500.0,2500000.0,2500000.0,2370000.0,2317500,-5.0,58.0,4.7,4.7,3.1,2.6,2.3,3.5,3.8,2.6,-1.7,-2.6,-5.2
GLEN WAVERLEY,960000.0,1212500.0,1221000.0,1337500.0,1300000.0,1287500.0,1304000.0,1558500.0,1560000.0,1659000.0,1660000.0,1558000,0.0,73.0,5.6,5.6,3.6,3.9,3.1,4.2,5.2,6.2,2.1,3.2,0.1
GLENROY,500000.0,560000.0,600000.0,730000.0,725000.0,700000.0,740000.0,835000.0,850000.0,792500.0,827000.0,850000,4.0,65.0,5.2,5.2,4.4,4.1,1.8,2.2,3.4,2.8,-0.3,-1.4,4.4
GOWANBRAE,557500.0,573000.0,619000.0,790000.0,727500.0,700500.0,739000.0,940000.0,902500.0,865000.0,1025000.0,^ 910000,18.0,84.0,6.3,6.3,6.7,6.5,3.8,5.9,7.9,8.5,2.9,6.6,18.5
GREENSBOROUGH,574000.0,635000.0,717000.0,830000.0,815000.0,798000.0,850000.0,1001000.0,1000000.0,980000.0,1020000.0,995000,4.0,78.0,5.9,5.9,5.4,4.5,3.0,3.8,5.0,4.7,0.6,1.0,4.1
HADFIELD,500000.0,550000.0,624500.0,740500.0,741500.0,730000.0,745000.0,890000.0,888000.0,850000.0,850500.0,^ 907000,0.0,70.0,5.5,5.5,5.0,3.9,2.0,2.3,3.1,3.4,-1.5,-2.1,0.1
HAMPTON,1340000.0,1650000.0,1800000.0,2020000.0,1905000.0,1900000.0,2000000.0,2420000.0,2350000.0,2385000.0,2480000.0,1925000,4.0,85.0,6.3,6.3,4.6,4.1,3.0,4.5,5.5,5.5,0.8,2.7,4.0
HAMPTON EAST,862500.0,1020000.0,1200000.0,1340000.0,1230000.0,1211500.0,1290500.0,1512500.0,1610000.0,1490000.0,1430000.0,^ 1680000,-4.0,66.0,5.2,5.2,3.8,2.2,0.9,2.5,3.4,2.6,-1.9,-5.8,-4.0
HAWTHORN,1606500.0,1916500.0,2245000.0,2650000.0,2506500.0,2200000.0,2525000.0,2900000.0,2500000.0,2910000.0,2900000.0,^ 5087500,0.0,81.0,6.1,6.1,4.7,3.3,1.3,2.5,5.7,3.5,0.0,7.7,-0.3
HAWTHORN EAST,1554000.0,1850000.0,1890000.0,2350000.0,2221500.0,2087500.0,2383000.0,2280000.0,2655000.0,2770000.0,2585000.0,^ 1955500,-7.0,66.0,5.2,5.2,3.8,4.0,1.4,2.6,4.4,2.1,4.3,-1.3,-6.7
HEATHERTON,712000.0,771000.0,845000.0,981000.0,935000.0,965000.0,964000.0,1140000.0,1147000.0,1150000.0,1100000.0,^ 1000000,-4.0,55.0,4.4,4.4,4.0,3.4,1.6,2.7,2.7,3.4,-1.2,-2.1,-4.3
HEATHMONT,638000.0,760000.0,789000.0,925000.0,932000.0,873000.0,930000.0,1094000.0,1077000.0,1068000.0,1035000.0,^ 1080000,-3.0,62.0,5.0,5.0,3.5,3.5,1.6,1.8,3.5,2.7,-1.8,-2.0,-3.1
HEIDELBERG,831000.0,1060000.0,1150000.0,1280000.0,1114000.0,1107500.0,1283000.0,1500000.0,1435000.0,1437500.0,1374000.0,^ 997500,-4.0,65.0,5.2,5.2,2.9,2.2,1.0,3.6,4.4,1.7,-2.9,-2.1,-4.4
HEIDELBERG HEIGHTS,554000.0,675500.0,750000.0,843000.0,820000.0,790000.0,805000.0,1000000.0,1030000.0,1000000.0,960000.0,^ 865000,-4.0,73.0,5.6,5.7,4.0,3.1,1.9,2.7,4.0,4.5,-1.4,-3.5,-4.0
HEIDELBERG WEST,461000.0,580000.0,630000.0,730000.0,700000.0,670000.0,719000.0,810000.0,803500.0,751000.0,797000.0,^ 801000,6.0,73.0,5.6,5.6,3.6,3.0,1.3,2.2,3.5,2.6,-0.5,-0.4,6.1
HIGHETT,850000.0,992500.0,1175000.0,1318500.0,1275000.0,1234000.0,1325000.0,1585000.0,1477500.0,1455000.0,1456000.0,^ 1400000,0.0,71.0,5.5,5.5,4.3,2.7,1.4,2.2,3.4,2.4,-2.8,-0.7,0.1
HOPPERS CROSSING,340000.0,365500.0,415000.0,,552000.0,526500.0,550000.0,585000.0,620000.0,615000.0,620000.0,,1.0,82.0,6.2,6.2,6.0,5.1,,2.0,3.3,3.0,2.0,0.0,0.8
HUGHESDALE,856000.0,1165000.0,1222500.0,,1260000.0,1150500.0,1300000.0,1507500.0,1500000.0,1422000.0,1421000.0,,0.0,66.0,5.2,5.2,2.2,1.9,,2.0,4.3,2.2,-2.0,-2.7,-0.1
HUNTINGDALE,728000.0,835000.0,924500.0,,1010000.0,914000.0,1090000.0,1299500.0,1250000.0,1195000.0,1200000.0,,0.0,65.0,5.1,5.1,4.1,3.3,,2.9,5.6,2.4,-2.6,-2.0,0.4
IVANHOE,1203000.0,1120000.0,1400000.0,,1600000.0,1590000.0,1640000.0,1900000.0,1935000.0,1745000.0,1850000.0,,6.0,54.0,4.4,4.4,5.7,3.5,,2.4,3.1,3.1,-0.9,-2.2,6.0
IVANHOE EAST,1513000.0,1535000.0,1764500.0,,1914000.0,1775000.0,2055000.0,2225000.0,2262500.0,2286500.0,2512500.0,,10.0,66.0,5.2,5.2,5.6,4.5,,4.6,7.2,5.2,4.1,5.4,9.9
KEALBA,390000.0,400000.0,470000.0,,612000.0,596000.0,600000.0,660000.0,705000.0,670000.0,700000.0,,4.0,79.0,6.0,6.0,6.4,5.1,,2.3,3.3,3.9,2.0,-0.4,4.5
KEILOR,633000.0,703000.0,805000.0,845000.0,817000.0,836500.0,885000.0,1070500.0,1000000.0,1132500.0,1110000.0,^ 1450000,-2.0,75.0,5.8,5.8,5.2,4.1,4.0,5.2,5.8,5.8,1.2,5.4,-2.0
KEILOR DOWNS,429000.0,496500.0,562000.0,670000.0,661000.0,630000.0,660000.0,765000.0,759000.0,770000.0,766500.0,^ 748000,0.0,79.0,6.0,6.0,4.9,4.0,1.9,2.5,4.0,3.8,0.1,0.5,-0.5
KEILOR EAST,599000.0,651000.0,720000.0,843000.0,830000.0,835000.0,842000.0,1000000.0,1000000.0,990000.0,1055000.0,890000,7.0,76.0,5.8,5.8,5.5,4.9,3.3,4.1,4.8,5.8,1.8,2.7,6.6
KEILOR LODGE,500000.0,555500.0,607500.0,760000.0,,740000.0,,,880000.0,920000.0,1014500.0,^ 935000,10.0,103.0,7.3,7.3,6.9,6.6,4.2,,6.5,,,7.4,10.3
KEILOR PARK,512500.0,565000.0,650000.0,741000.0,770000.0,704000.0,735000.0,820500.0,892500.0,795000.0,840000.0,^ 760000,6.0,64.0,5.1,5.1,4.5,3.3,1.8,1.5,3.6,3.4,0.8,-3.0,5.7
KENSINGTON,737500.0,823500.0,908000.0,1019000.0,1020000.0,978000.0,1106500.0,1165000.0,1200000.0,1045000.0,1097000.0,1026000,5.0,49.0,4.0,4.1,3.2,2.4,1.1,1.2,2.3,-0.2,-2.0,-4.4,5.0
KEW,1950000.0,2080000.0,2207500.0,2317500.0,2380000.0,2310000.0,2251500.0,2780000.0,2950000.0,2910000.0,2805000.0,2325000,-4.0,44.0,3.7,3.7,3.4,3.0,2.8,2.8,4.0,5.6,0.3,-2.5,-3.6
KEW EAST,1314000.0,1600000.0,1655000.0,1876000.0,1800000.0,1837000.0,,1990000.0,2040000.0,2200000.0,,,1.0,70.0,5.4,,,,,,,,,,
KEYSBOROUGH,456500.0,559500.0,650000.0,730000.0,745000.0,735000.0,750000.0,849000.0,891000.0,914000.0,931000.0,870000,2.0,104.0,7.4,7.4,5.8,4.6,3.5,3.8,4.8,5.6,3.1,2.2,1.9
KILSYTH,460000.0,548500.0,620000.0,698500.0,685500.0,645000.0,677500.0,781000.0,841500.0,810000.0,815000.0,771000,1.0,77.0,5.9,5.9,4.5,3.5,2.2,2.9,4.8,4.7,1.4,-1.6,0.6
KILSYTH SOUTH,575000.0,676000.0,738000.0,845000.0,826000.0,780500.0,870000.0,977500.0,1080000.0,1045000.0,1105000.0,^ 1146000,6.0,92.0,6.8,6.8,5.6,5.2,3.9,5.0,7.2,6.2,4.2,1.2,5.7
KINGS PARK,325000.0,355000.0,415000.0,532500.0,550000.0,510000.0,550000.0,600000.0,630000.0,599500.0,615500.0,620000,3.0,89.0,6.6,6.6,6.3,5.1,2.1,1.9,3.8,2.9,0.9,-1.2,2.7
KINGSBURY,502500.0,560000.0,610000.0,731000.0,730000.0,660000.0,732500.0,848500.0,782000.0,792500.0,862500.0,^ 759500,9.0,72.0,5.6,5.6,4.9,4.4,2.4,2.8,5.5,4.2,0.5,5.0,8.8
KINGSVILLE,703500.0,785000.0,925000.0,1020000.0,990000.0,1010000.0,970000.0,1225000.0,1287500.0,1200000.0,1122500.0,^ 1000000,-6.0,60.0,4.8,4.8,4.1,2.4,1.4,2.1,2.1,3.7,-2.9,-6.6,-6.5
KNOXFIELD,580000.0,681000.0,741000.0,870000.0,815000.0,760000.0,810000.0,980000.0,965000.0,950000.0,931000.0,^ 1035000,-2.0,60.0,4.8,4.8,3.5,2.9,1.0,2.2,4.1,3.5,-1.7,-1.8,-2.0
LAVERTON,358000.0,377500.0,429000.0,535000.0,579000.0,529000.0,560000.0,605000.0,610000.0,582500.0,590000.0,600000,1.0,65.0,5.1,5.1,5.1,4.1,1.4,0.3,2.2,1.3,-0.8,-1.7,1.3
LILYDALE,482500.0,534000.0,633500.0,710500.0,705000.0,675500.0,709000.0,840000.0,860000.0,925000.0,865000.0,822000,-6.0,79.0,6.0,6.0,5.5,4.0,2.9,3.5,5.1,5.1,1.0,0.3,-6.5
LOWER PLENTY,675000.0,770000.0,900000.0,980000.0,1055000.0,950000.0,909500.0,1220000.0,1350000.0,1344500.0,1340000.0,^ 1518000,0.0,99.0,7.1,7.1,6.3,5.1,4.6,4.1,7.1,10.2,3.2,-0.4,-0.3
LYNDHURST,482500.0,550000.0,585000.0,625000.0,695000.0,665500.0,701500.0,815500.0,950000.0,905000.0,900500.0,935000,-1.0,86.0,6.4,6.4,5.6,5.5,5.4,4.4,6.2,6.4,3.4,-2.6,-0.5
LYSTERFIELD,670000.0,780000.0,857500.0,995500.0,976500.0,956500.0,1009500.0,1132000.0,1267500.0,1307500.0,1331000.0,^ 1050000,2.0,99.0,7.1,7.1,6.1,5.6,4.2,5.3,6.8,7.2,5.5,2.5,1.8
MACLEOD,705000.0,755000.0,868000.0,950000.0,922500.0,922500.0,972500.0,1156500.0,1135000.0,1150000.0,1196500.0,^ 1200000,4.0,70.0,5.4,5.4,5.2,4.1,3.4,4.4,5.3,5.3,1.1,2.7,4.0
MAIDSTONE,587500.0,630000.0,695000.0,825000.0,793500.0,779000.0,789500.0,852500.0,886500.0,890000.0,850500.0,760000,-4.0,45.0,3.8,3.8,3.4,2.6,0.4,1.2,1.8,1.9,-0.1,-2.1,-4.4
MALVERN,1946000.0,2230000.0,2332000.0,2750000.0,2661000.0,2570000.0,2865000.0,3001000.0,2935000.0,3020000.0,3306000.0,^ 2957500,9.0,70.0,5.4,5.4,4.5,4.5,2.7,3.7,5.2,3.6,3.3,6.1,9.5
MALVERN EAST,1380000.0,1610000.0,1729000.0,1824000.0,1900000.0,1789000.0,1895000.0,2112500.0,2282500.0,2192500.0,2057500.0,1680000,-6.0,49.0,4.1,4.1,2.8,2.2,1.7,1.3,2.8,2.1,-0.9,-5.1,-6.2
MAMBOURIN,,,,,,,,605000.0,641000.0,632500.0,631000.0,604500,0.0,,,,,,,,,,1.4,-0.8,-0.2
MANOR LAKES,360000.0,385000.0,417500.0,490000.0,526000.0,533000.0,570000.0,595500.0,645000.0,640000.0,640000.0,641500,0.0,78.0,5.9,5.9,5.8,5.5,3.9,3.3,3.7,2.9,2.4,-0.4,0.0
MARIBYRNONG,750500.0,837500.0,940000.0,1056000.0,1050000.0,961500.0,936500.0,1165000.0,1170000.0,1110000.0,1250000.0,956000,13.0,67.0,5.2,5.2,4.6,3.6,2.4,2.9,5.4,7.5,2.4,3.4,12.6
MCKINNON,1220000.0,1500000.0,1657500.0,1720000.0,1555000.0,1520500.0,1675000.0,2010000.0,1994000.0,2000000.0,1830000.0,^ 2050000,-9.0,50.0,4.1,4.1,2.2,1.2,0.9,2.8,3.8,2.2,-3.1,-4.2,-8.5
MENTONE,810000.0,950000.0,982500.0,1097500.0,1080000.0,1031000.0,1050000.0,1370000.0,1475000.0,1332500.0,1320000.0,1242000,-1.0,63.0,5.0,5.0,3.7,3.8,2.7,3.4,5.1,5.9,-1.2,-5.4,-0.9
MIDDLE PARK,2125000.0,2317000.0,2238500.0,2390000.0,2685000.0,2775000.0,2680000.0,2864000.0,2750000.0,2485000.0,2563500.0,^ 5700000,3.0,21.0,1.9,1.9,1.1,1.7,1.0,-0.8,-1.6,-1.1,-3.6,-3.5,3.2
MITCHAM,730000.0,885500.0,941000.0,,998000.0,942000.0,1066500.0,1212500.0,1200000.0,1210000.0,1180000.0,,-2.0,62.0,4.9,4.9,3.2,2.9,,2.8,4.6,2.6,-0.9,-0.8,-2.5
MONT ALBERT,1490000.0,1863000.0,1921000.0,,1990000.0,1690000.0,2170000.0,2372500.0,2320000.0,2499000.0,2428000.0,,-3.0,63.0,5.0,5.0,3.0,3.0,,3.4,7.5,2.8,0.8,2.3,-2.8
MONT ALBERT NORTH,1100000.0,1400000.0,1490000.0,,1460000.0,1380000.0,1437000.0,1600000.0,1626000.0,1709000.0,1572500.0,,-8.0,43.0,3.6,3.6,1.3,0.7,,1.2,2.6,2.3,-0.6,-1.7,-8.0
MONTMORENCY,614000.0,732000.0,780500.0,,926000.0,860000.0,913000.0,1162000.0,1110000.0,1120000.0,1150000.0,,3.0,87.0,6.5,6.5,5.1,5.0,,3.7,6.0,5.9,-0.3,1.8,2.7
MONTROSE,476500.0,559000.0,625000.0,,737500.0,707500.0,730000.0,842500.0,913500.0,846000.0,883500.0,,4.0,86.0,6.4,6.4,5.2,4.4,,3.1,4.5,4.9,1.6,-1.7,4.4
MOONEE PONDS,920000.0,1006000.0,1110500.0,,1360000.0,1300000.0,1290000.0,1550000.0,1582500.0,1542500.0,1512500.0,,-2.0,64.0,5.1,5.1,4.6,3.9,,1.8,3.1,4.1,-0.8,-2.2,-1.9
MOORABBIN,768000.0,855000.0,980000.0,,1130000.0,1065000.0,1075000.0,1400000.0,1392500.0,1300000.0,1286500.0,,-1.0,67.0,5.3,5.3,4.6,3.5,,2.2,3.9,4.6,-2.8,-3.9,-1.0
MOOROOLBARK,465000.0,558500.0,620000.0,,720000.0,670000.0,720000.0,835000.0,867000.0,820000.0,857500.0,,5.0,84.0,6.3,6.3,4.9,4.1,,3.0,5.1,4.5,0.9,-0.5,4.6
MORDIALLOC,755000.0,850000.0,933000.0,,1046500.0,1017500.0,1089000.0,1375000.0,1296500.0,1400000.0,1392500.0,,-1.0,84.0,6.3,6.3,5.6,5.1,,4.9,6.5,6.3,0.4,3.6,-0.5
MOUNT EVELYN,428500.0,493500.0,551000.0,,671500.0,636000.0,710000.0,820000.0,877500.0,830000.0,825000.0,,-1.0,93.0,6.8,6.8,5.9,5.2,,3.5,5.3,3.8,0.2,-3.0,-0.6
MOUNT WAVERLEY,950000.0,1267500.0,1265000.0,,1320000.0,1270500.0,1300000.0,1511500.0,1510000.0,1600000.0,1615000.0,,1.0,70.0,5.4,5.4,2.7,3.1,,3.4,4.9,5.6,2.2,3.4,0.9
MULGRAVE,,,,,,,,,,,,,,,5.4,,,,,,,,,,
MURRUMBEENA,982500.0,1204000.0,1286000.0,1420000.0,1343500.0,1241500.0,1405000.0,1695000.0,1670000.0,1650000.0,1706000.0,^ 1375500,3.0,74.0,5.7,5.7,3.9,3.6,2.7,4.1,6.6,5.0,0.2,1.1,3.4
NEWPORT,740000.0,825000.0,950000.0,1080000.0,1059000.0,1055000.0,1090000.0,1286500.0,1280000.0,1275000.0,1300000.0,^ 1050000,2.0,76.0,5.8,5.8,5.2,4.0,2.7,3.5,4.3,4.5,0.3,0.8,2.0
NIDDRIE,747500.0,832500.0,910000.0,1100000.0,1070000.0,1070000.0,1000500.0,1246000.0,1305000.0,1190000.0,1210000.0,^ 821000,2.0,62.0,4.9,4.9,4.2,3.6,1.4,2.1,2.5,4.9,-1.0,-3.7,1.7
NOBLE PARK,440000.0,510000.0,600000.0,680000.0,680000.0,625500.0,675000.0,751000.0,753500.0,732000.0,778500.0,728000,6.0,77.0,5.9,5.9,4.8,3.3,2.0,2.3,4.5,3.6,1.2,1.6,6.4
NOBLE PARK NORTH,420000.0,491500.0,563000.0,640000.0,660000.0,610000.0,655500.0,750000.0,795000.0,737500.0,772500.0,752500,5.0,84.0,6.3,6.3,5.2,4.0,2.7,2.7,4.8,4.2,1.0,-1.4,4.7
NORTH MELBOURNE,832000.0,943000.0,1200000.0,1380000.0,1185000.0,1375000.0,1151500.0,1335000.0,1381000.0,1220000.0,1311000.0,1260000,7.0,58.0,4.7,4.7,3.7,1.1,-0.7,1.7,-0.9,3.3,-0.6,-2.6,7.5
NORTHCOTE,931500.0,1008500.0,1190000.0,1325000.0,1345000.0,1305000.0,1411000.0,1651000.0,1653000.0,1610000.0,1600000.0,1450000,-1.0,72.0,5.6,5.6,5.3,3.8,2.7,2.9,4.2,3.2,-1.0,-1.6,-0.6
NOTTING HILL,660000.0,780000.0,872500.0,993000.0,957500.0,880000.0,930000.0,1141000.0,1058000.0,1106000.0,1196000.0,^ 1682000,8.0,81.0,6.1,6.1,4.9,4.0,2.7,3.8,6.3,6.5,1.6,6.3,8.1
NUNAWADING,721500.0,880000.0,970000.0,1090000.0,986000.0,951000.0,1038500.0,1250000.0,1146000.0,1189000.0,1152500.0,^ 1750000,-3.0,60.0,4.8,4.8,3.0,2.2,0.8,2.6,3.9,2.6,-2.7,0.3,-3.1
OAK PARK,626000.0,660000.0,822500.0,853500.0,878500.0,840000.0,911500.0,1150000.0,1140000.0,1085000.0,1122500.0,^ 1235000,3.0,79.0,6.0,6.0,6.1,4.0,4.0,4.2,6.0,5.3,-0.8,-0.8,3.5
OAKLEIGH,801500.0,1002000.0,1050000.0,1210000.0,1250000.0,1101000.0,1255000.0,1388000.0,1421000.0,1336500.0,1311000.0,^ 1200000,-2.0,64.0,5.0,5.0,3.0,2.8,1.2,0.8,3.6,1.1,-1.9,-3.9,-1.9
OAKLEIGH EAST,820000.0,990000.0,983000.0,1195000.0,992500.0,954500.0,995000.0,1187500.0,1155000.0,1150000.0,1165000.0,^ 1235000,1.0,42.0,3.6,3.6,1.8,2.1,-0.4,2.7,4.1,4.0,-0.6,0.4,1.3
OAKLEIGH SOUTH,700000.0,830000.0,890000.0,1030000.0,960000.0,906500.0,983500.0,1129000.0,1053500.0,1130000.0,1195000.0,^ 1119000,6.0,71.0,5.5,5.5,4.1,3.8,2.1,3.7,5.7,5.0,1.9,6.5,5.8
ORMOND,1187500.0,1300000.0,1550000.0,1604500.0,1600000.0,1475000.0,1590000.0,1850000.0,1845000.0,1805000.0,1855500.0,^ 1570000,3.0,56.0,4.6,4.6,4.0,2.3,2.1,2.5,4.7,3.9,0.1,0.3,2.8
PARK ORCHARDS,1103000.0,1225000.0,1335000.0,1450000.0,1480000.0,1510000.0,1530000.0,1920000.0,1965000.0,1740000.0,1936000.0,,11.0,76.0,5.8,5.8,5.2,4.8,4.2,4.6,5.1,6.1,0.3,-0.7,11.3
PARKDALE,860000.0,965000.0,1100000.0,1300000.0,1245000.0,1157500.0,1200500.0,1540500.0,1600000.0,1374000.0,1480000.0,^ 1125000,8.0,72.0,5.6,5.6,4.9,3.8,1.9,2.9,5.0,5.4,-1.3,-3.8,7.7
PARKVILLE,1525000.0,1360500.0,2130000.0,2287500.0,2430000.0,1480000.0,,2301500.0,1910000.0,2488500.0,1745000.0,^ 1265000,-30.0,14.0,1.4,1.4,2.8,-2.5,-3.8,-5.4,3.3,,-8.8,-4.4,-29.9
PASCOE VALE,655000.0,720000.0,805000.0,891000.0,901000.0,855000.0,947500.0,1050000.0,1110000.0,1025000.0,1047500.0,1100000,2.0,60.0,4.8,4.8,4.3,3.3,2.3,2.5,4.1,2.5,-0.1,-2.9,2.2
PASCOE VALE SOUTH,701000.0,745000.0,840000.0,975000.0,955000.0,950000.0,1006000.0,1299500.0,1157500.0,1130000.0,1222500.0,1200000,8.0,74.0,5.7,5.7,5.7,4.8,3.3,4.2,5.2,5.0,-2.0,2.8,8.2
PATTERSON LAKES,734000.0,785000.0,807500.0,1021500.0,1022500.0,923000.0,1082500.0,1300000.0,1470500.0,1387500.0,1385000.0,^ 855000,0.0,89.0,6.6,6.6,6.5,7.0,4.4,5.2,8.5,6.4,2.1,-3.0,-0.2
POINT COOK,445000.0,465000.0,505000.0,590000.0,630000.0,635000.0,664000.0,738000.0,780000.0,770000.0,780000.0,787500,1.0,75.0,5.8,5.8,5.9,5.6,4.1,3.6,4.2,4.1,1.9,0.0,1.3
PORT MELBOURNE,917500.0,1252500.0,1380000.0,1485000.0,1488000.0,1400000.0,1600000.0,1802500.0,1646000.0,1755000.0,1600000.0,^ 1526000,-9.0,74.0,5.7,5.7,2.8,1.9,1.1,1.2,2.7,0.0,-3.9,-1.4,-8.8
PRAHRAN,1175000.0,1350000.0,1430000.0,1525000.0,1578000.0,1520000.0,1643500.0,1855000.0,1820000.0,1760000.0,1590000.0,1535000,-10.0,35.0,3.1,3.1,1.8,1.3,0.6,0.1,0.9,-0.8,-5.0,-6.5,-9.7
PRESTON,690000.0,791000.0,882000.0,996000.0,980000.0,940000.0,1026000.0,1250000.0,1136000.0,1145000.0,1185000.0,1099500,3.0,72.0,5.6,5.6,4.6,3.8,2.5,3.2,4.7,3.7,-1.8,2.1,3.5
PRINCES HILL,1210000.0,1280000.0,1555000.0,1767500.0,1650000.0,2035000.0,1600000.0,2015000.0,1892500.0,1665000.0,1722500.0,^ 1225000,3.0,42.0,3.6,3.6,3.4,1.3,-0.4,0.7,-3.3,1.9,-5.1,-4.6,3.5
RESERVOIR,541000.0,615000.0,707500.0,812500.0,790000.0,754000.0,795000.0,945000.0,940000.0,870000.0,905000.0,920000,4.0,67.0,5.3,5.3,4.4,3.1,1.6,2.3,3.7,3.3,-1.4,-1.9,4.0
RICHMOND,961000.0,1150000.0,1265000.0,1304000.0,1311000.0,1260000.0,1365000.0,1490000.0,1422500.0,1400000.0,1395000.0,1322500,0.0,45.0,3.8,3.8,2.2,1.2,1.0,1.0,2.1,0.5,-2.2,-1.0,-0.4
RINGWOOD,660000.0,777500.0,837500.0,910500.0,896500.0,801000.0,900000.0,1018000.0,1038000.0,999500.0,1025000.0,1287500,3.0,55.0,4.5,4.5,3.1,2.6,1.7,2.3,5.1,3.3,0.2,-0.6,2.6
RINGWOOD EAST,612000.0,750000.0,806000.0,901000.0,881000.0,809000.0,861000.0,1050000.0,975000.0,1000000.0,1065000.0,^ 1003000,7.0,74.0,5.7,5.7,4.0,3.5,2.4,3.2,5.7,5.5,0.5,4.5,6.5
RINGWOOD NORTH,662000.0,783500.0,844000.0,960500.0,920000.0,870000.0,957500.0,1183000.0,1200000.0,1217500.0,1207500.0,965000,-1.0,82.0,6.2,6.2,4.9,4.6,3.3,4.6,6.8,6.0,0.7,0.3,-0.8
RIPPONLEA,1000000.0,1360000.0,1700000.0,1787500.0,,1350000.0,,1892500.0,1560000.0,,1805000.0,,24.0,81.0,6.1,6.1,3.2,0.8,0.1,,6.0,,-1.6,7.6,
ROSANNA,781500.0,905000.0,980000.0,1175000.0,1100000.0,1032500.0,1121500.0,1382500.0,1216000.0,1294000.0,1380000.0,^ 1325000,7.0,77.0,5.9,5.9,4.8,4.4,2.3,3.9,6.0,5.3,-0.1,6.5,6.6
ROWVILLE,617500.0,710000.0,778000.0,867000.0,838000.0,815500.0,838000.0,1000000.0,1080000.0,1090000.0,1055000.0,1060000,-3.0,71.0,5.5,5.5,4.5,3.9,2.8,3.9,5.3,5.9,1.8,-1.2,-3.2
SANDRINGHAM,1305000.0,1490000.0,1760000.0,1862500.0,1850000.0,1665000.0,1850000.0,2410000.0,2400000.0,2100000.0,2082500.0,^ 1905000,-1.0,60.0,4.8,4.8,3.8,2.1,1.6,2.0,4.6,3.0,-4.8,-6.8,-0.8
SASSAFRAS,556000.0,562000.0,653500.0,775500.0,750000.0,805000.0,770000.0,860000.0,1020000.0,959000.0,940000.0,^ 905000,-2.0,69.0,5.4,5.4,5.9,4.6,2.8,3.8,3.1,5.1,3.0,-4.0,-2.0
SCORESBY,570000.0,661000.0,700000.0,878500.0,835000.0,766500.0,785000.0,950000.0,970500.0,955500.0,970000.0,^ 855000,2.0,70.0,5.5,5.5,4.4,4.2,1.4,2.5,4.8,5.4,0.7,-0.0,1.5
SEABROOK,402500.0,456000.0,509000.0,635000.0,672500.0,626500.0,652500.0,730000.0,755000.0,741500.0,764500.0,800000,3.0,90.0,6.6,6.6,5.9,5.2,2.7,2.2,4.1,4.0,1.6,0.6,3.1
SEAHOLME,670000.0,802500.0,870000.0,1157500.0,1015000.0,1020000.0,937500.0,1209500.0,1135000.0,1439500.0,1300000.0,^ 1035000,-10.0,94.0,6.9,6.9,5.5,5.1,1.7,4.2,5.0,8.5,2.4,7.0,-9.7
SEDDON,730000.0,830000.0,934500.0,982500.0,1018500.0,960000.0,1100000.0,1237500.0,1055000.0,1100000.0,1100000.0,^ 930000,0.0,51.0,4.2,4.2,3.2,2.1,1.6,1.3,2.8,0.0,-3.9,2.1,0.0
SELBY,420000.0,469500.0,527500.0,600000.0,637500.0,601500.0,720000.0,904500.0,771500.0,837500.0,850000.0,^ 813000,1.0,102.0,7.3,7.3,6.8,6.1,5.1,4.9,7.2,4.2,-2.1,5.0,1.5
SOUTH KINGSVILLE,671000.0,742000.0,903000.0,980000.0,1000000.0,859000.0,992000.0,1125000.0,1000000.0,1240000.0,1065000.0,,-14.0,59.0,4.7,4.7,4.1,2.1,1.2,1.1,4.4,1.8,-1.8,3.2,-14.1
SOUTH MELBOURNE,1200000.0,1310000.0,1595000.0,1532500.0,1465000.0,1355000.0,1580000.0,1710000.0,1882500.0,1640000.0,1532500.0,^ 1700000,-7.0,28.0,2.5,2.5,1.8,-0.5,0.0,0.8,2.5,-0.8,-3.6,-9.8,-6.6
SOUTH YARRA,1450000.0,1700000.0,1890000.0,2040000.0,1851000.0,1850000.0,2059000.0,2306000.0,2070000.0,2400000.0,2260000.0,^ 1472500,-6.0,56.0,4.5,4.5,3.2,2.3,1.5,3.4,4.1,2.4,-0.7,4.5,-5.8
SPOTSWOOD,640000.0,795000.0,917500.0,1027500.0,1080000.0,950000.0,985000.0,1260000.0,1255000.0,1105000.0,1125000.0,^ 1415000,2.0,76.0,5.8,5.8,3.9,2.6,1.3,0.7,3.4,3.4,-3.7,-5.3,1.8
SPRINGVALE,530000.0,629500.0,685000.0,750000.0,780000.0,746500.0,785000.0,855000.0,886500.0,870000.0,850000.0,833000,-2.0,60.0,4.8,4.8,3.4,2.7,1.8,1.4,2.6,2.0,-0.2,-2.1,-2.3
SPRINGVALE SOUTH,475000.0,562000.0,630000.0,720000.0,720000.0,679000.0,725000.0,800000.0,810000.0,810500.0,850500.0,773500,5.0,79.0,6.0,6.0,4.7,3.8,2.4,2.8,4.6,4.1,2.1,2.5,4.9
ST ALBANS,373500.0,428000.0,500000.0,610000.0,626500.0,594000.0,600000.0,675000.0,682000.0,645000.0,652000.0,627500,1.0,75.0,5.7,5.7,4.8,3.4,1.0,0.7,1.9,2.1,-1.1,-2.2,1.1
ST HELENA,623000.0,711000.0,800000.0,893500.0,910000.0,905000.0,930000.0,1137500.0,1010000.0,1175000.0,1195000.0,^ 1250000,2.0,92.0,6.7,6.7,5.9,5.1,4.2,4.6,5.7,6.5,1.7,8.8,1.7
ST KILDA,1225000.0,1164000.0,1305000.0,1551000.0,1755000.0,1600000.0,1341000.0,1705500.0,1710000.0,1503000.0,1515000.0,^ 1255500,1.0,24.0,2.1,2.1,3.0,1.9,-0.3,-2.4,-1.1,3.1,-3.9,-5.9,0.8
ST KILDA EAST,1037500.0,1382500.0,1677500.0,1460000.0,1620000.0,1560500.0,1650000.0,1840000.0,1785000.0,1667500.0,1690500.0,^ 1580000,1.0,63.0,5.0,5.0,2.3,0.1,2.1,0.7,1.6,0.6,-2.8,-2.7,1.4
ST KILDA WEST,2235000.0,2013000.0,1797000.0,2380000.0,1942500.0,2465000.0,2630000.0,3300000.0,2742500.0,2855000.0,1975000.0,,-31.0,-12.0,-1.2,-1.2,-0.2,1.2,-2.6,0.3,-4.3,-6.9,-15.7,-15.1,-30.8
STRATHMORE,865000.0,997500.0,1140000.0,1230000.0,1357500.0,1310000.0,1360000.0,1570000.0,1605000.0,1416500.0,1612000.0,^ 1561500,14.0,86.0,6.4,6.4,5.5,4.4,3.9,2.9,4.2,4.3,0.9,0.2,13.8
STRATHMORE HEIGHTS,640000.0,700000.0,808000.0,970000.0,885000.0,800000.0,835000.0,962500.0,,1056000.0,972500.0,,-8.0,52.0,4.3,4.3,3.7,2.3,0.0,1.6,4.0,3.9,0.3,,-7.9
SUNSHINE,483500.0,530500.0,675000.0,765000.0,742000.0,720000.0,750000.0,870000.0,856500.0,800000.0,820000.0,710000,3.0,70.0,5.4,5.4,5.0,2.5,1.0,1.7,2.6,2.3,-2.0,-2.2,2.5
SUNSHINE NORTH,425500.0,495000.0,560000.0,653000.0,673500.0,647000.0,689500.0,710000.0,750000.0,724500.0,750000.0,690000,4.0,76.0,5.8,5.8,4.7,3.7,2.0,1.8,3.0,2.1,1.8,0.0,3.5
SUNSHINE WEST,395000.0,450000.0,520000.0,639000.0,635000.0,635000.0,657000.0,740000.0,750000.0,700000.0,685000.0,680000,-2.0,73.0,5.7,5.7,4.8,3.5,1.0,1.3,1.5,1.0,-2.5,-4.4,-2.1
SURREY HILLS,1450000.0,1750000.0,1800500.0,2170000.0,1900000.0,1890000.0,1880000.0,2310000.0,2283000.0,2402500.0,2271000.0,^ 2770000,-5.0,57.0,4.6,4.6,2.9,2.9,0.7,3.0,3.7,4.8,-0.6,-0.3,-5.5
SYDENHAM,415000.0,440000.0,505000.0,590000.0,615000.0,591500.0,635000.0,690000.0,697500.0,741500.0,704000.0,708500,-5.0,70.0,5.4,5.4,5.4,4.2,2.6,2.3,3.5,2.6,0.7,0.5,-5.1
TARNEIT,395000.0,400000.0,445000.0,515000.0,570000.0,550000.0,570000.0,601500.0,650000.0,652000.0,650000.0,650000,0.0,65.0,5.1,5.1,5.5,4.9,3.4,2.2,3.4,3.3,2.6,0.0,-0.3
TAYLORS LAKES,510000.0,561500.0,635000.0,720000.0,763500.0,750000.0,777500.0,883500.0,936000.0,922500.0,945000.0,910000,2.0,85.0,6.4,6.4,6.0,5.1,4.0,3.6,4.7,5.0,2.3,0.5,2.4
TECOMA,478000.0,510000.0,601500.0,709000.0,700000.0,662500.0,742500.0,920000.0,837500.0,838000.0,865000.0,^ 900000,3.0,81.0,6.1,6.1,6.0,4.6,2.9,3.6,5.5,3.9,-2.0,1.6,3.2
TEMPLESTOWE,951500.0,1180000.0,1260000.0,1415000.0,1308000.0,1292500.0,1381500.0,1603000.0,1628500.0,1695000.0,1650000.0,^ 1700000,-3.0,73.0,5.7,5.7,3.8,3.4,2.2,3.9,5.0,4.5,1.0,0.7,-2.7
TEMPLESTOWE LOWER,830000.0,1060000.0,1105500.0,1302000.0,1150000.0,1080000.0,1189000.0,1432500.0,1390000.0,1410000.0,1362000.0,1220000,-3.0,64.0,5.1,5.1,2.8,2.6,0.6,2.9,4.7,3.5,-1.7,-1.0,-3.4
THE BASIN,463500.0,550000.0,595000.0,610000.0,682500.0,695000.0,739000.0,875000.0,864000.0,850000.0,881000.0,^ 831000,4.0,90.0,6.6,6.6,5.4,5.0,5.4,4.3,4.9,4.5,0.2,1.0,3.6
THORNBURY,841000.0,918000.0,1079500.0,1230000.0,1137500.0,1150000.0,1252500.0,1500000.0,1455000.0,1410000.0,1430000.0,1380000,1.0,70.0,5.5,5.5,5.0,3.6,2.2,3.9,4.5,3.4,-1.6,-0.9,1.4
TOORAK,3391000.0,4000000.0,4900000.0,5100000.0,4700000.0,4600000.0,5500000.0,6340000.0,6230000.0,6629000.0,6060000.0,^ 3100000,-9.0,79.0,6.0,6.0,4.7,2.7,2.5,4.3,5.7,2.5,-1.5,-1.4,-8.6
TRAVANCORE,848000.0,,,,1475000.0,,,,,,,,65.0,114.0,7.9,,,,,,,,,,
TRUGANINA,390000.0,,,,570000.0,,,,,,,,0.0,67.0,5.2,,,,,,,,,,
TULLAMARINE,412000.0,,,,665500.0,,,,,,,,3.0,79.0,6.0,,,,,,,,,,
UPPER FERNTREE GULLY,500000.0,,,,700000.0,,,,,,,,0.0,70.0,5.4,,,,,,,,,,
UPWEY,476000.0,,,,710000.0,,,,,,,,-2.0,81.0,6.1,,,,,,,,,,
VERMONT,725000.0,,,,980000.0,,,,,,,,4.0,78.0,5.9,,,,,,,,,,
VERMONT SOUTH,815000.0,,,,1150000.0,,,,,,,,-2.0,82.0,6.2,,,,,,,,,,
VIEWBANK,725000.0,,,,933000.0,,,,,,,,0.0,66.0,5.2,,,,,,,,,,
WANTIRNA,667500.0,,,,906500.0,,,,,,,,-6.0,63.0,5.0,,,,,,,,,,
WANTIRNA SOUTH,676500.0,,,,1000000.0,,,,,,,,-5.0,87.0,6.5,,,,,,,,,,
WARRANDYTE,760000.0,,,,1110000.0,,,,,,,,7.0,79.0,6.0,,,,,,,,,,
WARRANWOOD,665000.0,,,,1010000.0,,,,,,,,13.0,103.0,7.3,,,,,,,,,,
WATERWAYS,845000.0,902000.0,1050000.0,,1110000.0,1285000.0,1408000.0,,,1704500.0,1495000.0,,-12.0,77.0,5.9,5.9,5.8,4.5,,5.1,3.1,1.5,,,-12.3
WATSONIA,555000.0,607500.0,698000.0,,795000.0,736000.0,790000.0,,,875500.0,1000500.0,,14.0,80.0,6.1,6.1,5.7,4.6,,3.9,6.3,6.1,,,14.3
WATSONIA NORTH,572500.0,635000.0,702500.0,,770000.0,726500.0,795000.0,,,930000.0,925000.0,,-1.0,62.0,4.9,4.9,4.3,3.5,,3.1,4.9,3.9,,,-0.5
WERRIBEE,315000.0,335000.0,403000.0,,510000.0,500000.0,515500.0,,,610000.0,615000.0,,1.0,95.0,6.9,6.9,7.0,5.4,,3.2,4.2,4.5,,,0.8
WERRIBEE SOUTH,585000.0,680000.0,540000.0,,735000.0,744500.0,650000.0,,,930000.0,862500.0,,-7.0,47.0,4.0,4.0,2.7,6.0,,2.7,3.0,7.3,,,-7.3
WEST FOOTSCRAY,637500.0,697000.0,798000.0,,875000.0,785000.0,835000.0,,,915000.0,927500.0,,1.0,45.0,3.8,3.8,3.2,1.9,,1.0,3.4,2.7,,,1.4
WEST MELBOURNE,916000.0,1005000.0,1104500.0,,1370000.0,1017500.0,1215000.0,,,1215000.0,1231000.0,,1.0,34.0,3.0,3.0,2.3,1.4,,-1.8,3.9,0.3,,,1.3
WHEELERS HILL,805000.0,999000.0,1050000.0,,1118500.0,1010000.0,1173500.0,,,1510000.0,1400000.0,,-7.0,74.0,5.7,5.7,3.8,3.7,,3.8,6.7,4.5,,,-7.3
WILLIAMS LANDING,450000.0,510000.0,530000.0,,685000.0,657000.0,680000.0,,,799500.0,797500.0,,0.0,77.0,5.9,5.9,5.1,5.2,,2.6,4.0,4.1,,,-0.3
WILLIAMSTOWN,970000.0,1120000.0,1282500.0,,1415000.0,1350000.0,1402500.0,,,1605000.0,1597500.0,,0.0,65.0,5.1,5.1,4.0,2.8,,2.0,3.4,3.3,,,-0.5
WILLIAMSTOWN NORTH,803500.0,862500.0,1135500.0,,880000.0,965000.0,905000.0,,,1287500.0,1300000.0,,1.0,62.0,4.9,4.9,4.7,1.7,,6.7,6.1,9.5,,,1.0
WINDSOR,956500.0,1094000.0,1505000.0,,1422500.0,1350000.0,1350000.0,,,1500000.0,1432500.0,,-5.0,50.0,4.1,4.1,3.0,-0.6,,0.1,1.2,1.5,,,-4.5
WONGA PARK,673500.0,735000.0,801000.0,962500.0,1150000.0,1102000.0,1077500.0,1248000.0,1415000.0,1265000.0,1330000.0,^ 1440000,5.0,97.0,7.0,7.0,6.8,6.5,4.7,2.5,3.8,5.4,2.1,-3.1,5.1
WYNDHAM VALE,306000.0,325000.0,365000.0,435500.0,474000.0,460500.0,480000.0,525000.0,580000.0,583000.0,585000.0,563000,0.0,91.0,6.7,6.7,6.7,6.1,4.3,3.6,4.9,5.1,3.7,0.4,0.3
YALLAMBIE,579500.0,665000.0,713500.0,781000.0,810000.0,792500.0,832500.0,990000.0,1023000.0,942000.0,1032500.0,^ 1150000,10.0,78.0,5.9,5.9,5.0,4.7,4.1,4.1,5.4,5.5,1.4,0.5,9.6
YARRAVILLE,710000.0,810000.0,900500.0,1000000.0,1045000.0,971000.0,1030000.0,1185000.0,1210000.0,1100000.0,1146500.0,975000,4.0,61.0,4.9,4.9,3.9,3.1,2.0,1.6,3.4,2.7,-1.1,-2.7,4.2
