,2018,2019,2020,2021,2022,2023,2024
ABBOTSFORD,1192500,1050000,1200000,1365000,1346000,1250000,1027500
ABERFELDIE,1498500,1390000,1520000,1858000,1900000,1631000,3900000
AINTREE,557500,575000,616000,713500,756000,748000,753500
AIREYS INLET,869000,985000,1132500,1775000,1725000,1675000,1625000
AIRPORT WEST,845000,795000,812500,960000,911000,945000,860000
ALBANVALE,546000,512000,545000,610000,600000,595000,612000
ALBERT PARK,2070000,1990000,1900000,2355000,2475000,2202500,2330000
ALBION,755000,675000,727500,832500,830000,765000,712500
ALEXANDRA,335000,325000,380000,440000,550000,477500,470000
ALFREDTON,439000,480000,512000,605000,650000,640000,607500
ALLANSFORD,245000,300000,371000,445000,573500,600000,365000
ALPHINGTON,1612500,1455000,1865000,2280000,2195000,2076000,NA
ALTONA,932500,890000,914000,1162500,1180000,1135000,1035500
ALTONA EAST,909000,857500,870000,980000,1100000,1025000,850000
ALTONA MEADOWS,631500,615000,640000,720000,740000,690000,666000
ALTONA NORTH,835000,790000,830000,905000,942500,880500,860000
ANGLESEA,870000,915000,1100000,1440000,1717500,1550000,1455000
APOLLO BAY,555000,915000,710000,924500,1000000,1080000,885000
ARARAT,199000,215000,244000,313000,380000,375000,330000
ARDEER,629000,572000,615000,719000,682000,628500,707500
ARMADALE,2341500,2490000,2625000,2700000,2735500,2585000,1547500
ARMSTRONG CREEK,535000,529500,545500,660000,720000,675000,650000
ASCOT (GREATER BENDIGO),380000,415500,470000,562500,595000,609500,585000
ASCOT VALE,1197500,1100000,1210000,1245000,1325000,1300500,900000
ASHBURTON,1712500,1641500,1600000,2000000,1986000,1992500,2005000
ASHWOOD,1210000,1100000,1250500,1450000,1567500,1455000,NA
ASPENDALE,980000,994000,1120000,1321500,1440000,1332500,1438000
ASPENDALE GARDENS,935000,844000,970000,1130500,1150000,1117000,1050000
ATTWOOD,750000,767500,750000,970000,990500,950000,715000
AVENEL,349000,370000,450000,455000,497500,555000,NA
AVOCA,220000,219500,290000,325000,375000,350000,270000
AVONDALE HEIGHTS,830000,810000,842500,965500,990000,936000,825000
AVONSLEIGH,540000,532500,615000,752500,837500,725000,NA
AXEDALE,355000,387500,390000,505000,520000,515000,NA
BACCHUS MARSH,480000,500000,520000,597000,665000,640000,600000
BADGER CREEK,500000,498000,550000,665000,715000,732500,635000
BAIRNSDALE,279000,274000,290000,350000,440000,435000,370000
BALACLAVA,1190000,1405000,1418000,1550000,1560000,1500000,1627500
BALCOMBE,1240000,1125000,1300000,1750000,1852500,1758500,1550000
BALLAN,462000,450000,505000,603500,640000,607500,670000
BALLARAT CENTRAL,447500,515000,560000,710000,687500,607500,696500
BALLARAT EAST,340000,360000,398000,490000,530000,512500,502500
BALLARAT NORTH,389000,417500,425000,566500,627500,620000,502500
BALNARRING,814500,825000,938500,1275000,1330000,1250000,1305000
BALNARRING BEACH,1115000,1275000,1250000,1635000,1847500,2400000,1650000
BALWYN,2420000,2377500,2260000,2750000,2862000,2985000,3287500
BALWYN NORTH,1810000,1720000,1900000,2255500,2229000,2405000,2330000
BANDIANA,390000,374000,380000,447000,599500,599000,732000
BANNOCKBURN,487500,530000,555000,680000,729500,710000,610000
BARANDUDA,403500,395000,436000,487000,650000,610000,681500
BARWON HEADS,965000,1024000,1280000,1590000,1800000,1823000,1400000
BAXTER,542500,530000,567500,710000,717500,692500,775000
BAYSWATER,753000,720000,745500,870000,902000,871000,705000
BAYSWATER NORTH,713000,695000,731000,855500,869500,840500,922000
BEACONSFIELD,730000,685000,711000,892000,940000,915000,991000
BEACONSFIELD UPPER,903500,787500,818000,900000,1205000,1202500,NA
BEAUFORT,225000,242500,325000,390000,415000,405000,400000
BEAUMARIS,1674000,1587500,1725000,2100000,2061000,2040000,1837500
BEECHWORTH,400000,478500,487500,645000,707000,730000,NA
BELGRAVE,676000,636000,680000,784000,850000,815000,715000
BELGRAVE HEIGHTS,701500,685000,737500,902500,1055500,850000,NA
BELGRAVE SOUTH,782500,665500,845000,1085000,919000,1125000,1090000
BELL PARK,452500,482000,500000,620500,640000,610000,619500
BELL POST HILL,487000,475000,507000,657500,675000,620000,687000
BELLFIELD (BANYULE),882500,790000,775000,992500,965000,944000,807500
BENALLA,284000,290000,302000,394000,430500,430000,445000
BENDIGO,400000,420000,500000,600000,690000,540000,500000
BENTLEIGH,1394000,1376000,1510000,1742500,1723000,1690000,1600000
BENTLEIGH EAST,1205000,1200000,1255000,1480000,1490000,1430000,1566000
BERWICK,690000,670000,700000,812000,870000,855000,832500
BEVERIDGE,540000,580000,531000,630000,650000,650000,650000
BIRCHIP,100000,108500,121500,130000,170000,225000,120000
BIRREGURRA,412500,463000,489500,692500,700000,850000,460000
BITTERN,650000,577500,630000,750000,832500,850000,670000
BLACK HILL,405000,492500,491000,550000,642500,626000,577000
BLACK ROCK,2029000,1793000,1920000,2600000,2565000,2287500,3000000
BLACKBURN,1370500,1305000,1405000,1639500,1549500,1600000,1624000
BLACKBURN NORTH,1038000,1017500,1090000,1300000,1230000,1284500,1417000
BLACKBURN SOUTH,1063500,1034000,1100500,1338500,1288000,1350000,1347000
BLAIRGOWRIE,990500,921500,1143500,1562500,1725000,1657500,1450000
BLIND BIGHT,546000,552500,570000,668500,705000,806000,762500
BONBEACH,910000,855000,930000,1115000,1177500,1105000,936000
BONNIE BROOK,-,-,307000,492500,645000,671500,660000
BONNIE DOON,417500,410000,372500,565000,670000,630000,660000
BONSHAW,400000,379000,435000,525000,565000,560000,552500
BOOLARRA,250000,247500,255000,355000,362500,450000,535000
BOORT,180000,185000,165000,240000,227500,270000,307000
BORONIA,742500,680000,715000,845000,830000,855000,856000
BOTANIC RIDGE,730000,700000,727000,847000,920000,872500,753000
BOX HILL,1700500,1545000,1512500,1630500,1726000,1680000,1200000
BOX HILL NORTH,1188000,1200000,1191500,1321000,1320000,1333000,1262500
BOX HILL SOUTH,1285500,1177500,1252500,1560000,1440000,1500000,1869500
BRAYBROOK,728500,646500,669500,739000,794500,712000,715000
BREAKWATER,385000,405000,410000,534500,580000,575000,NA
BRIAGOLONG,264000,315000,277500,400000,415000,436500,400000
BRIAR HILL,880000,823500,863000,1015000,984500,1001000,1040000
BRIGHT,590000,580000,700000,909500,1195000,1100000,919000
BRIGHTON,2888000,2675000,3148500,3515000,3457500,3200000,2825000
BRIGHTON EAST,1880000,1700000,1950000,2265000,2316500,2425000,2100000
BROADFORD,396500,415000,454000,505000,570000,550000,430000
BROADMEADOWS,575000,525500,551500,590000,600000,560000,530000
BROOKFIELD,491500,445000,500000,539000,570000,560000,558500
BROOKLYN,695000,672500,712500,850000,810000,740000,NA
BROWN HILL,405000,449000,487500,600000,601000,740000,675000
BRUNSWICK,1100000,1037500,1100000,1350000,1330000,1300000,1435000
BRUNSWICK EAST,1170000,1011500,1286500,1440000,1350000,1400000,1530000
BRUNSWICK WEST,1160000,1061000,1180000,1324000,1285500,1275000,1300000
BRUTHEN,261000,229000,345000,285000,455000,470000,529000
BULLEEN,1230000,1105000,1177000,1355000,1386000,1398000,1305000
BUNDALONG,462000,515000,725000,674500,2519000,968000,665000
BUNDOORA,730000,735000,745000,865000,853000,858500,850000
BUNINYONG,467500,475000,587500,666000,770000,680000,542500
BUNYIP,550000,500500,541500,652500,750000,730000,705000
BURNLEY,1277500,1188500,1497500,1595000,1565000,1582500,1831000
BURNSIDE,605000,605000,660000,720000,780000,752500,777500
BURNSIDE HEIGHTS,633000,591000,652500,701000,749000,745000,758000
BURWOOD,1320000,1170000,1277500,1430000,1381000,1497500,1344500
BURWOOD EAST,1005000,1106000,1168500,1250500,1259000,1280000,1180000
CAIRNLEA,734000,752500,807500,850000,941500,936500,942500
CALIFORNIA GULLY,275000,287000,318000,415000,463000,461000,449500
CAMBERWELL,2155000,2070000,2072500,2569000,2650000,2538000,2761500
CAMPBELLFIELD,550000,533000,537500,602500,605000,605000,637000
CAMPBELLS CREEK,460500,500000,522500,652500,710000,722500,NA
CAMPERDOWN,235000,280000,292500,362500,415000,470000,420000
CANADIAN,373000,375000,422500,490000,580000,535000,450000
CANTERBURY,2533000,2902500,2705000,3389000,3460000,3252500,NA
CAPE PATERSON,442000,540000,635500,782500,880000,804500,807500
CAPE SCHANCK,845000,940000,1095500,1350000,2250000,1524000,1657500
CAPEL SOUND,550000,520000,582500,775000,815000,740000,682000
CARDIGAN,622500,863500,727500,1090000,1150000,1045000,NA
CARLTON,1625000,1308000,1452500,1492500,1512500,1485000,1006000
CARLTON NORTH,1445000,1555000,1500000,1712000,1660000,1480000,1470000
CARNEGIE,1445000,1313500,1420000,1776000,1685000,1675000,1835000
CAROLINE SPRINGS,620000,620000,650000,720000,750000,730500,730000
CARRUM,860000,770000,830500,967000,965000,1030000,NA
CARRUM DOWNS,575000,537000,575000,665000,705000,695000,717500
CASTERTON,132500,150000,161500,200000,300000,290000,195000
CASTLEMAINE,499000,520000,556500,680500,725000,725000,690000
CAULFIELD,1701000,1762500,1818500,2060000,2079000,1786000,1292000
CAULFIELD NORTH,1960000,2112000,2360000,2697500,2650000,2620000,2600000
CAULFIELD SOUTH,1600000,1494500,1750000,1950000,1845000,1945000,1685000
CHADSTONE,1050000,958000,1095000,1255000,1172500,1290000,1280000
CHARLEMONT,455000,465000,530000,628000,650000,610000,609000
CHARLTON,150000,147000,149500,195000,300000,320000,275000
CHELSEA,905000,856500,980000,1167500,1142500,1200000,1465000
CHELSEA HEIGHTS,778000,750000,805000,977500,935000,906500,890000
CHELTENHAM,1105000,1035000,1130000,1306000,1350000,1342000,1320000
CHELTENHAM EAST,940000,940000,1010500,1190000,1157500,1150000,1205000
CHELTENHAM NORTH,925000,913000,921500,1015000,1050000,1050000,1090000
CHILTERN,260000,223500,321000,330000,395000,390000,NA
CHIRNSIDE PARK,700000,680500,750000,900000,925000,900000,875000
CHURCHILL,180000,185000,226000,305000,360000,345000,345000
CLARINDA,802500,820000,851500,1024500,1060000,950000,1075000
CLAYTON,1255000,1158000,1055000,1200000,1123000,1165000,1020000
CLAYTON NORTH,1330000,1377500,1330000,1300000,1345000,1306000,1235000
CLAYTON SOUTH,850000,832000,830000,982500,975000,947500,895000
CLIFTON HILL,1364500,1348000,1375000,1750000,1710000,1725000,1200000
CLIFTON SPRINGS,472000,485000,518500,666000,710000,670000,745000
CLUNES,354000,320000,357500,450000,500000,510000,420000
CLYDE,505000,542500,572000,613000,682500,675500,666500
CLYDE NORTH,595000,570000,605000,660000,730500,720000,725000
COBBLEBANK,460000,480000,510000,565000,645000,642500,605000
COBDEN,225000,237000,272000,349000,386000,395000,351000
COBRAM,255000,272500,300000,370000,414000,437500,389000
COBURG,966500,935500,1085000,1257500,1216500,1180000,1085000
COBURG EAST,841500,825000,981000,1102000,1072500,1130000,883000
COBURG NORTH,814000,805000,899000,1008500,1020000,980000,937000
COCKATOO,591000,580000,610000,730500,770000,760000,792500
COHUNA,177500,204000,232500,260000,285000,325000,375000
COLAC,320000,315000,350000,420000,500000,480000,435000
COLDSTREAM,660000,635000,648000,767000,780000,805000,826500
COLERAINE,114000,144000,127000,174000,282000,207500,174500
COLLINGWOOD,1110000,1060000,1155000,1251500,1302000,1225000,1230000
CONNEWARRE,1200000,1345000,1647500,1625000,2570000,1896500,1800000
COOLAROO,480000,441000,477000,500000,530000,530500,527500
COONANS HILL,927000,902500,1055000,1213000,1207500,1205000,NA
COONGULLA,242000,335000,285000,280000,377500,457500,NA
CORINELLA,450000,357500,510000,670000,777500,695000,600000
CORIO,370000,351500,390000,457000,520000,480000,475000
CORONET BAY,345000,370000,407500,522500,635000,580000,595000
CORRYONG,162500,236000,226500,240000,310000,320000,285000
COWES,541000,557500,589500,880000,875000,800000,725000
COWES WEST,485500,508500,545000,705000,820000,779000,765000
CRAIGIEBURN,546500,525000,560000,616000,660000,650000,656000
CRANBOURNE,540000,500000,510000,618000,660000,655000,639000
CRANBOURNE EAST,574500,567000,590000,670000,720000,707500,720000
CRANBOURNE NORTH,600000,570000,587500,653500,720000,710000,732500
CRANBOURNE SOUTH,425000,632500,634000,710000,795000,721000,660000
CRANBOURNE WEST,540000,508000,510000,600000,680000,657500,637500
CREMORNE,1420000,1290000,1410000,1500000,1315000,1335000,NA
CRESWICK,324000,350000,387500,500000,545000,529000,484500
CRIB POINT,555000,527500,578500,740000,785000,755000,510000
CROYDON,792500,735000,787500,920000,900000,916000,895000
CROYDON HILLS,877500,835000,920000,1100000,1107000,1180000,900000
CROYDON NORTH,840000,827500,860500,1050000,1069000,1075000,1180000
CROYDON SOUTH,757500,715500,740000,890000,864000,885500,995000
CURLEWIS,495000,565000,572500,650000,705000,667500,645000
DALLAS,490000,451500,467500,526500,524500,512500,531500
DALYSTON,305000,373000,421000,536000,580000,525000,556500
DANDENONG,640000,601000,630000,700000,740000,687500,710000
DANDENONG NORTH,640000,606500,640000,729000,738500,721000,753000
DANYO,78500,40000,80000,117500,180000,164000,NA
DARLEY,505000,520000,500000,610000,710000,695000,600000
DAYLESFORD,552500,592500,692500,835000,910000,899000,1035000
DEANSIDE,456500,335000,499500,540000,585000,640000,660000
DEEPDENE,2692500,2858000,3150000,3262500,3001000,3050000,NA
DEER PARK,580000,550000,580000,630000,635000,640000,655000
DELACOMBE,360000,390000,410000,525000,570000,527500,545000
DELAHEY,575000,530000,575000,645000,650000,639000,601000
DENNINGTON,355000,360000,395000,485000,616500,581500,467500
DERRIMUT,615000,649000,658000,715000,770000,739000,790500
DIAMOND CREEK,782500,750500,797500,1000000,994500,983500,1020000
DIGGERS REST,500000,515000,560000,614000,657500,657500,647500
DIMBOOLA,130000,120000,154000,200000,247000,281000,440000
DINGLEY VILLAGE,840500,810000,934000,1050000,1112000,1090000,962500
DINNER PLAIN,510000,520000,565000,765000,975000,1200000,855000
DONALD,145000,135500,145000,170000,225000,240000,240000
DONCASTER,1320000,1270000,1280000,1502000,1500000,1550000,1505000
DONCASTER EAST,1222000,1198000,1255000,1500000,1535000,1630000,1581000
DONNYBROOK,530000,540000,620000,600000,665000,650000,660000
DONVALE,1182500,1140000,1195000,1337500,1440000,1438500,1215000
DOREEN,601000,598000,623500,705000,741500,727000,731000
DOVETON,543500,472000,500000,582500,625000,570000,606000
DROMANA,786000,715000,762500,1000000,1100000,1052500,932500
DROUIN,455000,440000,467000,565000,620000,621500,625000
DRYSDALE,522500,575500,590000,682500,747000,726000,627500
DUNOLLY,206500,234500,209500,265000,320000,335000,560000
EAGLE POINT,290000,354000,394500,409500,580000,530000,630000
EAGLEHAWK,315000,321500,360000,440000,510000,485000,545000
EAGLEMONT,1955000,1863000,2029000,2385000,2425000,2528500,1700000
EAST BAIRNSDALE,227000,235000,320000,355000,380000,347500,406000
EAST BENDIGO,318000,390000,389500,465000,570000,551500,580000
EAST GEELONG,637500,632500,815000,920000,846000,835000,910000
EAST MELBOURNE,2675000,3090000,2862500,3300000,3127500,3363000,3625000
EAST WARBURTON,428500,458000,532500,645000,620000,667500,NA
EASTWOOD,385000,410000,417000,535000,590000,599000,570000
ECHUCA,365000,372500,412000,467500,555000,580000,570000
EDENHOPE,147000,169500,143000,206500,225000,266000,NA
EDITHVALE,1047500,950000,1029500,1240000,1362500,1280000,1608000
EILDON,258000,251500,285000,350000,430000,450000,310000
ELLIMINYT,385000,445000,470000,517000,675000,750000,540000
ELMORE,227500,235000,245000,332500,405000,358000,321500
ELSTERNWICK,1970000,1825000,2081000,2175000,2265000,2165000,1467000
ELTHAM,942500,928000,995000,1234500,1255000,1190000,1163500
ELTHAM NORTH,930500,930000,1050000,1237500,1237000,1250000,1234000
ELWOOD,2140000,1950000,2110000,2216500,2605000,2200000,2775000
EMERALD,730000,660000,732500,881000,950000,860000,800000
ENDEAVOUR HILLS,651000,620000,672000,750000,815000,795000,760000
EPPING,600000,546000,577000,654000,677000,668000,650000
EPSOM,357000,371500,431000,530000,600000,582500,585000
ESSENDON,1691000,1450000,1520000,1750000,1841000,1760000,1550000
ESSENDON NORTH,1145000,1100000,1260000,1400000,1510000,1296000,1377500
ESSENDON WEST,1221000,1180000,1275000,1390000,1265500,1165000,1438000
EUMEMMERRING,622000,540000,550000,628000,750500,665000,NA
EUREKA,315500,360000,412500,430000,490000,523000,490000
EUROA,270000,309000,360000,407500,475000,492500,450000
EYNESBURY,550000,558500,600000,676500,710000,652500,657500
FAIRFIELD,1316000,1295000,1395500,1700000,1800000,1585000,1465000
FAWKNER,720000,665000,715000,815000,770000,770000,755000
FERNTREE GULLY,732500,692000,750000,865000,873000,890000,906000
FERNY CREEK,830000,800000,908000,1120000,940000,890000,948000
FINGAL,1350000,1240000,1312500,1807500,1975000,2000000,NA
FITZROY,1450000,1400000,1400000,1520000,1502500,1530000,1267000
FITZROY NORTH,1475000,1385000,1600000,1706000,1632500,1600000,1870000
FIVEWAYS,542500,485000,530000,751500,825000,670000,NA
FLEMINGTON,926500,1000000,1028500,1250000,1103500,1027500,1037500
FLINDERS,1697500,1670000,2085000,2667500,3342000,2125000,1950000
FLORA HILL,352500,370000,395000,481000,550000,520000,530500
FLOWERDALE,390000,287500,400000,475000,530000,595000,601500
FOOTSCRAY,899000,812000,863500,962500,990000,902000,1027500
FOREST HILL,935000,900000,986000,1207500,1155500,1250500,1008000
FOSTER,333500,330000,387500,457500,595000,590000,695000
FRANKSTON,605000,581000,621500,750000,764500,735000,763000
FRANKSTON NORTH,502000,423000,450000,580000,610000,574000,591000
FRANKSTON SOUTH,855000,817500,860000,1150000,1200000,1150000,996000
FRASER RISE,615000,595000,620000,675000,719000,716000,685000
FYANSFORD,650000,660000,800500,845000,1065000,950000,1057500
GARDEN CITY,1507500,1375000,1602500,2074500,1850000,1616000,1630000
GARDENVALE,1830000,1740000,1900000,2120000,2005000,2300000,NA
GARFIELD,540000,518000,590000,715000,789000,820000,540000
GEELONG,757500,720000,883500,950000,900000,982500,800000
GEELONG WEST,713000,675000,749500,882500,997000,910000,745000
GEMBROOK,610000,650000,680000,789500,862500,852500,NA
GISBORNE,770000,730000,810000,898500,1052500,1000000,946000
GLADSTONE PARK,630000,636500,640000,728000,730000,710000,682500
GLEN HUNTLY,1253000,1440000,1342500,2002500,1570000,1735500,1077500
GLEN IRIS,1927500,1967000,2136000,2492500,2500000,2500000,2225000
GLEN WAVERLEY,1300000,1287500,1304000,1558500,1560000,1660000,1675000
GLENGARRY,300000,324000,388000,490000,576500,590000,NA
GLENROWAN,265000,372500,375000,500000,517000,595000,562000
GLENROY,725000,700000,740000,835000,850000,795000,810000
GOLDEN BEACH,225500,220000,270000,325000,355000,395000,395000
GOLDEN POINT (BALLARAT),347500,370000,430000,510000,545000,570000,385000
GOLDEN SQUARE,334000,340000,377500,469500,542500,515000,494000
GORDON,402500,495000,618000,632500,690000,675000,NA
GOUGHS BAY,345500,299500,360000,499500,710000,580000,650000
GOWANBRAE,727500,700500,739000,940000,902500,865000,925000
GRANTVILLE,402500,397500,440000,540000,620000,595000,620000
GREEN LAKE,270000,290000,360000,384500,440000,433000,NA
GREENSBOROUGH,815000,798000,850000,1001000,1000000,970000,966500
GREENVALE,720000,715000,720000,820000,881000,845000,835000
GROVEDALE,495000,505000,550000,655000,700000,660000,627500
HADFIELD,741500,730000,745000,890000,888000,860000,900000
HALLAM,630000,550000,600000,700000,720000,714000,755000
HALLS GAP,355000,320000,350000,465000,570000,555000,630000
HAMILTON,225000,209500,255000,339000,357000,370000,360000
HAMLYN HEIGHTS,545000,540000,563500,708000,769500,740000,650000
HAMPTON,1905000,1900000,2000000,2420000,2341000,2370000,2825000
HAMPTON EAST,1230000,1211500,1290500,1512500,1610000,1475000,1275000
HAMPTON PARK,550000,501500,539000,620000,665000,644500,650000
HARCOURT,375000,420000,527500,604000,705000,697500,NA
HARKNESS,485000,475000,490000,535000,595000,580000,550000
HASTINGS,519500,506000,562000,651000,736500,715000,650000
HASTINGS WEST,480000,430000,487500,590000,660000,605000,580000
HAWTHORN,2506500,2200000,2525000,2900000,2495000,2720000,2120000
HAWTHORN EAST,2221500,2087500,2383000,2300000,2655000,2750000,2000000
HEALESVILLE,601000,580000,602500,750000,810000,810000,770000
HEATHCOTE,310000,335000,365000,390000,480000,485000,448500
HEATHCOTE JUNCTION,594500,600000,738000,885000,905000,815000,NA
HEATHERTON,935000,965000,964000,1140000,1147000,1150000,1075000
HEATHMONT,932000,873000,930000,1094000,1077000,1068000,1080000
HEIDELBERG,1114000,1107500,1283000,1500000,1435000,1437500,1816500
HEIDELBERG HEIGHTS,820000,790000,805000,1000000,1030000,1002000,995000
HEIDELBERG WEST,700000,670000,719500,810000,803500,750000,745000
HEPBURN,425000,452500,535000,695000,675000,737500,745000
HEPBURN SPRINGS,490000,595000,570000,825000,900000,780000,1495000
HERNE HILL,550000,534000,600000,738000,765000,715000,630000
HEYFIELD,193000,195000,230000,330000,370000,390000,385000
HEYWOOD,166000,178000,185000,240000,322500,330000,275000
HIGHETT,1275000,1234000,1325000,1585000,1477500,1455000,1389000
HIGHTON,681000,690000,744000,887000,950000,911000,867500
HILLSIDE (BRIMBANK),645000,525500,545000,620000,655000,548000,NA
HILLSIDE (MELTON),648500,643500,690000,740000,800000,759000,740000
HOPETOUN,86000,66000,150000,157000,189000,171000,155000
HOPPERS CROSSING,552000,526500,550000,585000,620000,615000,596000
HORSHAM,255000,269000,260000,345000,379000,400000,305500
HUGHESDALE,1260000,1150500,1300000,1507500,1500000,1400000,1817500
HUNTINGDALE,1010000,914000,1090000,1299500,1250000,1195000,1150000
HUNTLY,357500,367500,383000,486500,570000,565000,535000
HURSTBRIDGE,731000,700000,775000,900000,950000,896500,NA
INDENTED HEAD,575500,606000,590000,752500,995000,820000,866000
INGLEWOOD,180000,185000,214000,320000,390000,325000,535000
INVERLOCH,598000,590000,665000,891000,992500,950000,966500
INVERMAY PARK,465000,475000,485000,680000,670000,695000,502500
IRONBARK,320000,304000,438500,523000,525000,530000,470000
IRYMPLE,310000,386500,354000,431000,455000,496500,497500
IVANHOE,1600000,1590000,1640000,1900000,1922500,1732500,1692500
IVANHOE EAST,1914000,1775000,2055000,2225000,2262500,2406500,NA
JACANA,555000,512500,555000,626000,642500,586500,573000
JACKASS FLAT,310000,331500,401000,460000,520000,515000,560000
JAMIESON,265000,311500,345000,410000,625000,582500,760000
JAN JUC,905000,870000,964000,1337000,1400000,1290000,1750000
JEERALANG NORTH,170000,235000,240000,283500,415000,366000,340000
JEPARIT,77000,81000,110000,129000,150000,215000,216000
JOLIMONT,3950000,4125000,4575000,5225000,3775000,4533500,NA
JUNCTION VILLAGE,509000,483500,515000,605000,635000,645000,NA
JUNORTOUN,506500,530000,599000,682000,885000,865000,635000
KALIMNA,326500,292500,350000,467000,510000,462500,675000
KALKALLO,548000,535000,555000,606000,645000,640000,617500
KALLISTA,737500,700000,715000,910000,1000000,832500,NA
KALORAMA,686500,645000,697500,822500,1022500,885000,745000
KANGAROO FLAT,325000,340000,380000,465000,535000,500000,555000
KANGAROO GROUND SOUTH,930000,815500,970000,1217000,1130000,1100000,NA
KANIVA,164000,169500,115000,174000,205000,200000,120000
KATUNGA,180000,330000,225000,200000,327500,290000,NA
KEALBA,612000,596000,600000,660000,705000,670000,665000
KEILOR,817000,836500,885000,1070500,1000000,1132500,1202500
KEILOR DOWNS,661000,630000,660000,767500,760500,770000,675000
KEILOR EAST,830000,835000,842000,1000000,1000000,980000,900000
KEILOR LODGE,715000,740000,757500,865000,880000,920000,861000
KEILOR PARK,770000,704000,735000,820500,892500,795000,739000
KENNINGTON,383500,374000,428500,550000,593000,610000,532500
KENSINGTON,1020000,978000,1106500,1165000,1200000,1040000,950000
KERANG,177000,170000,200000,239000,275500,280000,265000
KEW,2380000,2310000,2251500,2780000,2920000,2905000,1605000
KEW EAST,1800000,1837000,1785000,1990000,2040000,2200000,NA
KEW NORTH,1767500,1833000,1840000,2097000,2255000,2237500,NA
KEYSBOROUGH,745000,735000,750000,849000,891000,913500,915000
KIALLA,418000,450000,482500,543000,640000,650000,665000
KILCUNDA,496000,533000,702500,865000,900000,810000,620000
KILLARA (WODONGA),420000,453500,447500,560000,658500,650000,570000
KILMORE,440000,435000,477000,548000,600000,590000,570000
KILSYTH,685500,645000,677500,781000,840000,810000,785000
KILSYTH SOUTH,826000,780500,870000,977500,1080000,1045000,1072500
KINGLAKE,480000,555000,600000,640000,770000,662500,682500
KINGS PARK,550000,510000,550000,600000,630000,600000,617500
KINGSBURY,730000,660000,732500,850000,782000,785000,758000
KINGSVILLE,990000,1010000,970000,1225000,1287500,1200000,1030000
KNOXFIELD,815000,760000,810000,980000,970000,950000,1060000
KOO WEE RUP,508500,550000,540000,610000,700000,668500,685000
KOONDROOK,268000,212500,254000,320000,320000,320000,552500
KOROIT,352000,347500,390000,490000,580000,582500,520000
KORUMBURRA,317500,320000,391000,480000,525000,550000,495000
KURUNJANG,435000,420000,432000,485000,550000,520000,512500
KYABRAM,261000,263000,280000,319500,400000,455000,485000
KYNETON,550000,595000,614000,755000,897500,775000,710000
LAKE BOGA,232500,239000,230000,320000,391000,446000,NA
LAKE BUNGA,380000,300000,350000,600000,650000,525000,630000
LAKE GARDENS,575000,552500,607500,705000,738500,785000,686500
LAKE TYERS BEACH,300000,357500,375000,505000,645000,590000,540000
LAKE WENDOUREE,775000,855000,1000000,1230000,1275000,1300000,865000
LAKES ENTRANCE,328000,300000,350000,422500,540000,512500,578500
LALOR,625000,590000,623000,700000,700000,680000,691500
LANCEFIELD,456000,500000,540000,685000,671500,625000,596500
LANG LANG,475000,495000,540000,657000,720000,707500,672500
LANGWARRIN,642500,610000,660000,805000,860000,835000,810000
LARA,515000,495000,535000,682500,700000,682500,658500
LARA LAKE,525000,535500,575000,663000,702000,710000,672500
LAUNCHING PLACE,531000,554000,572500,688500,778500,650000,670000
LAVERTON,579000,529000,560000,605000,610000,585000,576000
LAVERTON SOUTH,646000,622500,647500,730000,751000,735000,806000
LENEVA,387500,426000,470000,554000,650000,685000,650000
LEONGATHA,360000,370000,426000,505000,589000,580000,570000
LEOPOLD,500500,510000,535000,652000,709000,680000,717500
LILYDALE,705000,675500,710000,844500,870000,926000,893000
LINDENOW,313500,282500,282500,385000,466000,372500,NA
LISMORE,132500,144500,220000,176000,277500,255000,142500
LOCH SPORT,230000,245000,247000,324500,392500,390000,330000
LONG GULLY,269000,280000,299500,385000,451500,400000,384500
LONGWARRY,403000,406000,427500,512500,575000,570000,550000
LORNE,1275000,1297500,1497500,1960000,2200000,1925000,2100000
LOVELY BANKS,525000,570000,565000,662500,767500,690000,695000
LOWER PLENTY,1055000,950000,909500,1220000,1350000,1319000,1200000
LUCAS,395000,431000,465000,582500,705000,640000,617500
LUCKNOW,280000,275000,314500,355000,449000,400000,529000
LYNBROOK,640000,623000,660000,750000,810000,814500,870000
LYNDHURST,695000,665500,701500,815500,950000,905000,800000
LYSTERFIELD,976500,956500,994500,1132000,1267500,1305000,1209000
LYSTERFIELD SOUTH,1275000,775000,1410000,1618000,1844000,1925500,NA
MACEDON,815000,800000,883000,1130000,1073000,1105000,920000
MACLEOD,922500,922500,972500,1156500,1135000,1150000,1190000
MADDINGLEY,442000,460000,521000,560000,635000,625000,600000
MAFFRA,261500,255000,315000,338000,376500,425000,497500
MAIDEN GULLY,495500,514000,579000,725000,760000,797500,731000
MAIDSTONE,798500,779000,789500,852500,888000,895000,860000
MALDON,420000,510000,546500,624500,735500,742500,650000
MALLACOOTA,280000,406500,415000,488500,527500,555000,685000
MALMSBURY,465000,475000,505000,757500,785000,767500,NA
MALVERN,2661000,2570000,2865000,3001000,2935000,3000000,3123500
MALVERN EAST,1900000,1789000,1895000,2112500,2282500,2175000,2113500
MAMBOURIN,-,-,329500,597500,641000,635000,573500
MANIFOLD HEIGHTS,785500,715000,825000,924500,1087500,1050000,750000
MANOR LAKES,526000,533000,570000,595500,645000,645000,617500
MANSFIELD,430000,452500,510000,640000,732500,786000,684000
MARIBYRNONG,1050000,961500,936500,1165000,1170000,1130000,1350000
MARLO,385000,355000,405000,435000,686000,655000,NA
MARONG,365000,420000,465000,560000,650000,622500,650000
MARSHALL,468000,486500,510000,600000,682000,610000,675000
MARYBOROUGH,229500,236000,269500,341500,393000,399500,350000
MARYSVILLE,477500,462500,475000,675000,755000,692500,680000
MCCRAE,847500,795000,952500,1200000,1285000,1312500,1600000
MCKENZIE HILL,495000,536500,544500,700000,755000,833000,NA
MCKINNON,1555000,1520500,1675000,2010000,1994000,2000000,NA
MEADOW HEIGHTS,510000,474000,499000,557500,580000,561000,565000
MELTON,415000,385000,390000,455000,500000,470500,455000
MELTON SOUTH,417000,390000,420000,460000,515000,495000,490000
MELTON WEST,453000,428000,470000,515000,551000,550000,492500
MENTONE,1080000,1031000,1050000,1367500,1475000,1337500,1254000
MENZIES CREEK,760000,682500,745000,1020000,960000,876500,NA
MERBEIN,180000,210000,201500,227500,320000,300000,357500
MERINDA PARK,523000,476000,527500,615000,657500,626000,594000
MERNDA,573500,552000,570000,670000,680000,670000,679000
MERRIGUM,190000,270000,179000,255000,266500,272500,NA
METUNG,371500,455000,480000,517500,747500,771000,930000
MICKLEHAM,520000,525000,565000,623000,680000,680000,684000
MIDDLE PARK,2685000,2775000,2680000,2864000,2750000,2473000,3375000
MILDURA,281500,310000,337000,380000,425000,436000,458000
MILL PARK,657000,654000,690000,754500,786000,780000,753000
MILLGROVE,411000,415000,425000,540000,600000,564000,545000
MINERS REST,400000,427500,440000,530000,599500,590000,600000
MINYIP,81000,114500,75000,151500,155000,164500,NA
MIRBOO NORTH,307500,327500,376000,475000,565000,560000,536500
MITCHAM,998000,942000,1066500,1212500,1200000,1210000,1055000
MITCHELL PARK,304500,313000,330000,400000,486500,462500,465000
MOE,200000,210000,250000,315000,370000,365000,339000
MONBULK,650000,630000,650000,790000,799000,770000,758000
MONT ALBERT,1990000,1690000,2170000,2372500,2320000,2384000,NA
MONT ALBERT NORTH,1460000,1380000,1437000,1580000,1643000,1715000,1550000
MONTMORENCY,926000,860000,913000,1162000,1110000,1120000,1400000
MONTROSE,737500,707500,730000,842500,913500,846000,985000
MOONEE PONDS,1360000,1300000,1290000,1545000,1582500,1527500,1440000
MOORABBIN,1130000,1065000,1075000,1400000,1391500,1300000,1275000
MOOROOLBARK,720000,670000,720000,836000,870000,821000,847500
MOOROOPNA,230000,247500,268500,335000,385000,377500,395000
MORDIALLOC,1046500,1017500,1089000,1375000,1296500,1385000,970000
MORNINGTON,850000,810000,894000,1100000,1160000,1069500,980000
MORTLAKE,165000,164000,220000,290500,327500,349000,NA
MORWELL,167000,179000,200000,275000,325000,334500,314000
MOUNT BEAUTY,267500,295000,330000,446000,572500,531500,552000
MOUNT CLEAR,379000,396500,414000,505000,515000,525000,495000
MOUNT COTTRELL,1800000,927500,927500,540000,622000,602000,685000
MOUNT DANDENONG,647500,690000,791000,850000,1045000,887500,1350000
MOUNT DUNEED,555000,557000,593000,696000,750000,720000,715000
MOUNT ELIZA,1220000,1180000,1313000,1700000,1730500,1700000,1261000
MOUNT EVELYN,671500,636000,710000,820000,877500,830000,780000
MOUNT HELEN,420000,417000,472500,610000,632500,580000,318000
MOUNT MACEDON,859000,775000,1043000,1623500,1330000,1446000,865000
MOUNT MARTHA,1202500,1262500,1420000,1845000,1880000,1820000,1619000
MOUNT PLEASANT,350000,377500,415000,498000,530000,497500,432500
MOUNT WAVERLEY,1320000,1270500,1300000,1511000,1509000,1600000,1600000
MULGRAVE,860000,840000,850000,1000000,996000,1040000,1020000
MURCHISON,225000,244500,291500,400000,450000,340000,NA
MURRUMBEENA,1343500,1241500,1405000,1695000,1670000,1641500,1885000
MURTOA,110000,119000,130000,145000,244500,267500,243500
MYRTLEFORD,295000,325000,385000,530000,609000,590000,590000
NAGAMBIE,385000,414000,460000,545000,655000,660000,545000
NARRE WARREN,614000,587000,610000,700000,740000,727000,727500
NARRE WARREN NORTH,1180000,1070000,1167500,1421500,1600000,1565000,1112500
NARRE WARREN SOUTH,636500,625000,660000,750000,802500,820000,775000
NATHALIA,210000,229000,256000,265000,350000,370000,380000
NEERIM SOUTH,406500,413000,473500,530000,600000,665000,585000
NERRINA,575000,617500,630000,580000,795000,685000,615000
NEW GISBORNE,757500,695000,720000,798500,875000,850000,NA
NEWBOROUGH,250000,255000,290000,359000,437500,427000,385500
NEWCOMB,453500,435000,476000,584000,605000,567500,615000
NEWINGTON,465000,490000,735000,720000,672500,664500,590000
NEWLANDS ARM,367500,443000,470000,550000,619500,675000,620000
NEWPORT,1059000,1055000,1090000,1286500,1280000,1275000,1135000
NEWSTEAD,318500,436000,470000,540000,625000,600000,NA
NEWTOWN (GREATER,843000,832000,945000,1175000,1200000,1165000,990000
NHILL,149000,137000,158500,180000,210000,205000,330000
NICHOLS POINT,470000,430000,475000,510000,661000,590000,NA
NIDDRIE,1070000,1070000,1000500,1246000,1305000,1189000,1080000
NOBLE PARK,680000,625500,675000,751000,753500,732000,760000
NOBLE PARK NORTH,660000,610000,655500,750000,795000,737500,765000
NORLANE,355000,350000,372000,450000,481500,455000,480000
NORTH BENDIGO,310000,325000,374000,460500,513000,515000,500000
NORTH GEELONG,495000,500000,550500,597500,675000,646500,639000
NORTH MELBOURNE,1185000,1375000,1151500,1311500,1310000,1220000,895000
NORTH WONTHAGGI,369000,389000,419000,557500,665000,625000,625000
NORTHCOTE,1345000,1305000,1411000,1653000,1650000,1605000,1665000
NOTTING HILL,957500,880000,930000,1141000,1058000,1106000,1050000
NUMURKAH,225000,250000,239000,310000,350000,360000,287500
NUNAWADING,986000,951000,1038500,1250000,1146000,1189500,1305000
NYAH WEST,136000,85000,129000,202500,215000,248000,NA
OAK PARK,878500,840000,911500,1150000,1140000,1065000,880000
OAKLEIGH,1250000,1101000,1255000,1389000,1422000,1336500,1417000
OAKLEIGH EAST,992500,954500,995000,1187500,1155000,1150000,NA
OAKLEIGH SOUTH,960000,906500,983500,1129000,1053500,1130000,1078000
OCEAN GROVE,691000,695000,790000,975500,1143500,982500,878000
OFFICER,548000,540000,570000,650000,700000,725500,680000
OFFICER SOUTH,569500,714000,770000,703000,850000,865000,815000
OLINDA,760000,746500,757500,1125000,905000,935000,780000
OMEO,183500,250000,238000,339000,385000,339000,NA
ORBOST,165000,185500,220000,240000,344000,340000,350000
ORMOND,1600000,1475000,1590000,1900000,1847500,1795000,1832500
OSBORNE,757000,777500,850500,1112000,1127500,1030000,830000
OUYEN,93000,99000,121000,155500,170000,184500,212500
PAKENHAM,520000,485000,525000,600000,652000,640000,650000
PARADISE BEACH,199000,200000,248000,321500,415000,372500,270000
PARK ORCHARDS,1480000,1510000,1530000,1920000,1965000,1740000,1885000
PARKDALE,1245000,1157500,1200500,1540500,1592500,1352000,1471000
PARKVILLE,2430000,1480000,1950000,2301500,1910000,2477000,NA
PASCOE VALE,901000,855000,947500,1050000,1110000,1025000,1040000
PASCOE VALE SOUTH,955000,950000,1006000,1299500,1157500,1140000,1050000
PATTERSON GARDENS,890000,961000,960000,1160000,1300000,1265000,NA
PATTERSON LAKES,1022500,923000,1082500,1300000,1470500,1361000,1578500
PAYNESVILLE,351500,346000,397000,465000,565000,515000,460000
PEARCEDALE,660000,660000,660000,790000,820000,850000,1025000
PENSHURST,165000,165000,175000,194000,310000,286500,265000
PETERBOROUGH,450000,419000,550000,625000,701000,690000,NA
PIONEER BAY,308000,310000,355000,354000,491500,554000,655000
PLENTY,1350000,1301000,1202500,1605000,1543000,1760000,NA
POINT COOK,630000,635000,664000,739000,780000,770500,789500
POINT LONSDALE,840000,827500,880000,1300000,1505000,1351500,1250000
POREPUNKAH,464500,530000,615000,757500,1035000,940000,700000
PORT ALBERT,240000,250000,315000,425000,485000,562500,600000
PORT FAIRY,651000,620000,670000,950000,1140000,950000,NA
PORT MELBOURNE,1488000,1400000,1600000,1802500,1646000,1745000,1400000
PORTARLINGTON,640000,625000,690000,829500,985000,925000,1080000
PORTLAND,234500,266000,295000,370000,450000,437500,390000
PORTLAND NORTH,367500,276000,507000,470000,667500,750000,730000
PORTSEA,2180000,1950000,2530000,3765000,3825000,3102500,2115000
PRAHRAN,1578000,1520000,1643500,1831000,1840000,1750000,1500000
PRESTON,980000,940000,1026000,1251000,1160000,1150000,1252500
PRINCES HILL,1650000,2035000,1600000,2015000,1892500,1620000,NA
PYRAMID HILL,100000,120000,117500,128000,230000,202500,275000
QUAMBATOOK,93500,90500,110000,150000,157000,125000,40000
QUARRY HILL,407500,395000,430000,540500,613500,596000,515000
QUEENSCLIFF,950000,950000,969000,1372000,1725000,1687500,1275000
RAINBOW,99000,75000,82000,112000,137000,175000,235000
RAYMOND ISLAND,360000,300000,416500,450000,535000,540000,505000
RED CLIFFS,211500,217500,270000,311000,325000,335000,400000
RED HILL,930000,860000,900000,1550000,1960000,1507500,NA
REDAN,330000,357000,900000,455000,515000,485000,425500
RESEARCH,915000,937500,1178000,1201000,1520000,1030000,1032500
RESERVOIR,790000,754000,795000,945000,940000,870000,886500
RHYLL,657500,565000,579000,757500,911000,752500,899000
RICHMOND,1311000,1260000,1365000,1490000,1400000,1377500,1347500
RIDDELLS CREEK,675000,710000,680000,870000,872500,865000,794000
RINGWOOD,896500,801000,900000,1018000,1038000,999500,1135000
RINGWOOD EAST,881000,809000,861000,1050000,975000,1000000,1105000
RINGWOOD NORTH,920000,870000,957500,1183000,1200000,1217500,1302500
RIPPLESIDE,750000,825000,862000,1100000,1205000,1050000,NA
RIPPONLEA,1564000,1350000,2001000,1892500,1560000,1457500,NA
ROBINVALE,220000,231500,235000,340000,315000,355000,315000
ROCHESTER,236000,255000,237000,350000,440000,262500,397500
ROCKBANK,500000,497000,465000,565000,620000,624500,583500
ROMSEY,550000,580500,630000,780000,839000,755000,724000
ROSANNA,1100000,1032500,1121500,1382500,1216000,1298000,1041000
ROSEBUD,590000,550000,595000,780000,820500,747500,710000
ROSEBUD SOUTH,711500,697000,675000,951000,1090000,1063500,962500
ROSEDALE,280000,247000,250000,365000,420000,475000,537500
ROWVILLE,838000,815500,838000,1000000,1080000,1090000,1120000
ROXBURGH PARK,546000,543000,572500,615000,652000,632500,650000
RUSHWORTH,198000,205000,226000,301000,352500,367000,453000
RUTHERGLEN,270000,282500,350000,402500,486500,479000,475000
RYE,705000,690000,793500,1100000,1195000,1098500,1097000
SAFETY BEACH,825000,810000,897500,1109000,1241000,1220500,1040000
SAILORS GULLY,290000,280000,300000,390000,505500,469000,440000
SALE,309500,325000,345000,399000,487000,480000,470000
SAN REMO,515000,554500,597500,850000,1020000,952500,940000
SANCTUARY LAKES,625000,625000,652000,710000,750000,733500,748000
SANDHURST,837500,812500,780000,950000,1009000,1075000,1067000
SANDRINGHAM,1850000,1665000,1850000,2420000,2400000,2100000,1920000
SANDY POINT,410000,410000,517500,755000,820000,815000,510000
SASSAFRAS,750000,805000,770000,860000,1020000,959000,NA
SCORESBY,835000,766500,785000,951500,975500,955500,1005000
SEA LAKE,110000,100000,106500,125000,173000,187500,160000
SEABROOK,672500,626500,652500,730000,755000,741500,790000
SEAFORD,696000,655000,700000,850000,880000,830000,837500
SEAHOLME,1015000,1020000,937500,1209500,1135000,1525000,NA
SEASPRAY,210000,265000,260000,335000,390000,465000,378000
SEBASTOPOL,289000,315000,341000,420000,480000,455000,430000
SEDDON,1018500,960000,1100000,1244000,1055000,1100000,965000
SELBY,637500,601500,720000,904500,771500,837500,870000
SEVILLE,634500,630000,626000,775000,812500,870000,868000
SEVILLE EAST,551500,580000,600000,720000,700000,755000,649000
SEYMOUR,295000,300000,325000,390000,447500,467500,440000
SHEPPARTON,275000,282000,310000,370000,430000,445000,480000
SHEPPARTON NORTH,334000,393000,379000,425000,612000,610000,854500
SHOREHAM,1160000,1400000,1077000,1767500,2180000,2100000,NA
SILVERLEAVES,721000,618500,775000,982000,990500,1137500,805000
SKIPTON,159500,200000,219500,270000,360000,336000,319500
SKYE,611000,597500,610000,740000,770000,760000,753500
SMITHS BEACH,589000,624500,695000,837000,990000,957500,780000
SMYTHES CREEK,426500,430000,440500,545000,590000,550000,492500
SOLDIERS HILL,447500,480000,557500,568000,705000,570000,570000
SOMERS,888500,950000,980000,1707000,1765000,1550000,1132500
SOMERVILLE,615000,600000,640000,780000,812000,765000,750000
SORRENTO,1380000,1470000,1665000,2207500,2355000,2120000,2700000
SOUTH GEELONG,676000,702500,835000,1000000,970000,882000,NA
SOUTH KINGSVILLE,1000000,859000,992000,1100000,972500,1250000,1027500
SOUTH MELBOURNE,1465000,1355000,1580000,1710000,1882500,1630000,1500000
SOUTH MORANG,634500,625500,623000,718000,760000,725000,760000
SOUTH YARRA,1851000,1850000,2059000,2353000,2035500,2390000,1480000
SPOTSWOOD,1080000,950000,985000,1260000,1255000,1130000,1082500
SPRING GULLY,400000,386500,440000,552500,610000,700000,570000
SPRINGVALE,780000,746500,785000,855000,886000,870000,790000
SPRINGVALE SOUTH,720000,679000,725000,800000,820000,800000,830000
ST ALBANS,626500,594000,600000,675000,682000,640500,630000
ST ALBANS PARK,450000,422000,455000,600000,650000,586500,505000
ST ANDREWS BEACH,902500,930000,1207500,1745500,1582500,1572500,3500000
ST ARNAUD,145000,175000,170000,225000,310000,279500,200000
ST HELENA,910000,905000,930000,1137500,1202500,1175000,1200000
ST KILDA,1755000,1600000,1330000,1705500,1710000,1480500,1090000
ST KILDA EAST,1620000,1560500,1650000,1840000,1785000,1623000,2095000
ST KILDA WEST,1942500,2465000,2630000,3300000,2742500,2855000,1830000
ST LEONARDS                             ,571500,562500,572000,705000,805000,754000,700000
STANHOPE,161500,187500,201500,255000,223500,352500,NA
STAWELL,190000,189000,227000,290000,355000,319000,315000
STRATFORD,258000,316500,320000,397500,472000,480000,420000
STRATHDALE,420000,451000,507000,640000,671500,637500,540000
STRATHFIELDSAYE,444000,476500,535000,636000,702500,715000,712500
STRATHMERTON,187500,195000,205000,265000,325000,365000,367500
STRATHMORE,1357500,1320000,1360000,1576000,1605000,1416500,1264500
STRATHMORE HEIGHTS,885000,800000,835000,962500,952500,1056000,1147500
STRATHTULLOH,425000,507500,522500,585500,609000,642500,621000
STUDFIELD,906000,811000,836000,1025000,950000,1095000,836500
SUNBURY,546000,533500,570000,645000,670000,660000,640000
SUNDERLAND BAY,455000,413500,525000,717000,677500,672500,492500
SUNNYCLIFFS,218000,229500,230000,326500,295000,380000,288500
SUNSET STRIP,390000,460000,511000,602500,754000,690000,770000
SUNSHINE,742000,720000,750000,870000,856500,797500,700000
SUNSHINE NORTH,673500,647000,690000,720000,750000,721500,700000
SUNSHINE WEST,635000,635000,657000,745000,751500,700000,670000
SURF BEACH,480000,525000,559000,706500,895000,805000,692500
SURREY HILLS,1900000,1890000,1880000,2310000,2301500,2390000,2385500
SWAN HILL,267000,285000,319500,362000,405000,435000,522500
SYDENHAM,620000,595000,635000,690000,699000,741500,745000
SYNDAL,1540500,1499000,1570000,1800000,1867500,1955000,1775000
TALLANGATTA,245000,257500,280000,350000,436000,470000,374500
TANGAMBALANGA,292000,282500,459000,502500,593000,557500,915000
TARNEIT,570000,550000,570000,602000,650000,653500,650000
TATURA,250000,276500,303500,357500,450000,475000,455000
TAWONGA SOUTH,310000,422500,380000,545000,641000,553000,599000
TAYLORS HILL,723000,702000,754000,840000,908000,906500,930000
TAYLORS LAKES,763500,750000,777500,883500,936000,925000,1000000
TECOMA,700000,662500,742500,920000,837500,838000,822500
TEMPLESTOWE,1308000,1292500,1381500,1603000,1621500,1685000,1565000
TEMPLESTOWE LOWER,1150000,1080000,1189000,1432500,1390000,1410000,1374000
TERANG,194000,188500,232500,309000,365000,382500,237500
THE BASIN,682500,695000,739000,875000,864000,850000,853500
THE PATCH,730000,755000,760000,882500,872000,830000,872000
THOMASTOWN,636000,592000,620000,720000,710000,691000,700000
THOMSON (GREATER,411000,400500,435000,580000,575000,547500,597500
THORNBURY,1137500,1150000,1252500,1500000,1455000,1382000,1301000
THORNHILL PARK,578000,535000,540000,550000,600000,610000,602500
TIMBOON,247000,260000,412500,425000,440000,476500,600000
TONGALA,275000,234500,236500,305000,377000,405500,NA
TOONGABBIE,280500,270000,320000,445000,525000,569000,NA
TOORA,241500,275000,300000,430000,430000,450000,NA
TOORADIN,702000,700000,755000,800000,910000,880000,910000
TOORAK,4700000,4600000,5500000,6340000,6205000,5325000,4125000
TOOTGAROOK,600500,586000,671000,874000,950000,885000,825000
TORQUAY,810000,815000,870000,1200000,1350000,1255000,1180000
TRAFALGAR,375000,396500,435000,485000,590000,560000,595000
TRARALGON,298000,326500,340000,408000,484000,500000,532500
TRARALGON EAST,425000,470000,501500,640000,722000,785000,NA
TRENTHAM,603000,614000,632500,825000,1050000,930000,890000
TRUGANINA,570000,575000,580000,615000,652000,647000,640000
TULLAMARINE,665500,612000,640000,755000,760000,720000,700000
TYABB,548000,586500,590000,736000,745500,730000,NA
UPPER FERNTREE GULLY,700000,642500,735000,865000,885000,852000,765000
UPWEY,710000,702500,760500,899000,890000,880000,887000
VENTNOR,490000,540000,619500,770000,867500,800000,925000
VENUS BAY,305000,330000,375000,579500,672500,613500,625000
VERMONT,980000,935500,1000000,1226500,1200000,1235000,1310000
VERMONT SOUTH,1150000,1165000,1200000,1420000,1418000,1533000,1280000
VIEWBANK,933000,920000,985000,1238000,1220000,1195000,1180500
VIOLET TOWN,242500,287500,328500,381500,385000,499500,555000
WAHGUNYAH,240000,355000,320000,379000,517500,375000,520000
WALLAN,490000,480000,520000,580000,625000,620000,585000
WALLAN EAST,500000,457000,490000,575000,610000,600000,590000
WANDANA HEIGHTS,700000,766500,827000,925000,1135000,1015000,795000
WANDIN NORTH,665000,630000,715000,765000,805000,773000,916500
WANDONG,494000,452500,640000,700000,719000,762500,700000
WANGARATTA,320000,319000,356500,425000,530000,525000,519000
WANTIRNA,906500,850000,907000,1065000,1105000,1150000,1014000
WANTIRNA SOUTH,1000000,988500,1015000,1223500,1225000,1322000,1290000
WARBURTON,495000,512500,543000,675000,733500,695000,505000
WARRACKNABEAL,112500,118000,141000,180000,228500,240000,247000
WARRAGUL,449000,460000,498000,580000,653500,646000,630000
WARRANDYTE,1110000,994000,996000,1285000,1300000,1262000,1655000
WARRANWOOD,1010000,935000,962000,1145000,1350000,1197500,1173000
WARRNAMBOOL,350000,370000,415000,520000,602000,605000,547500
WATERWAYS,1110000,1285000,1408000,1445000,1600000,1690000,NA
WATSONIA,795000,736000,790000,980000,908500,875500,1095000
WATSONIA NORTH,770000,726500,795000,962500,897500,930000,895000
WATTLE GLEN,810000,778500,810000,924000,950000,890000,NA
WAURN PONDS,621500,641500,671000,727500,801500,826500,800000
WEDDERBURN,130000,138500,150000,179000,310000,300000,200000
WEIR VIEWS,470000,465000,495500,525500,575000,560000,570000
WENDOUREE,326000,335000,370000,465000,495000,470000,417500
WENDOUREE WEST,245000,259000,300000,380000,390000,365000,325000
WERRIBEE,510000,500000,515500,570000,612000,610000,586500
WERRIBEE SOUTH,735000,744500,650000,822500,880000,930000,805000
WESBURN,463500,530000,532000,665000,661000,642500,630000
WEST FOOTSCRAY,875000,785000,835000,1051500,960500,915000,755000
WEST MELBOURNE,1370000,1017500,1215000,1280000,1387500,1215000,1660000
WEST WODONGA,322000,342500,370000,428000,515000,545000,530000
WESTALL,800000,748000,739000,855000,897500,858000,921000
WESTGARTH,1707500,1485000,1566000,2087500,1912500,1910000,1467500
WESTMEADOWS,620000,620000,605000,716000,700000,727500,730000
WHEELERS HILL,1118500,1010000,1173500,1371000,1450000,1509000,1584500
WHITE HILLS,313500,330000,355000,470000,510000,495000,537500
WHITTINGTON,395000,377500,408000,485000,532500,500000,555000
WHITTLESEA,577500,581000,610000,675000,740000,760000,667500
WILLIAMS LANDING,685000,657000,680000,760000,795000,799500,835000
WILLIAMSTOWN,1415000,1350000,1402500,1592500,1650500,1580000,1782500
WILLIAMSTOWN NORTH,880000,965000,905000,1250000,1021500,1275000,972500
WILLOW GROVE,280000,388000,427500,427500,452500,600000,500000
WIMBLEDON HEIGHTS,410000,386500,435000,592000,670000,620000,490000
WINCHELSEA,391000,430000,480000,552500,640000,642500,700000
WINDSOR,1422500,1350000,1350000,1645000,1650000,1460000,1455000
WINTER VALLEY,405000,435000,470000,573500,617500,580000,575000
WODONGA,350000,331500,348000,439500,520000,545000,485000
WOLLERT,538000,570000,573000,625000,703500,705000,680000
WONGA PARK,1150000,1102000,1077500,1248000,1415000,1265000,920000
WONTHAGGI,339000,375000,405000,550000,602000,555000,513000
WOODEND,665000,747500,765000,895000,870000,965000,840000
WOOLAMAI WATERS,469500,495500,560000,762500,874500,779000,710000
WOORI YALLOCK,520000,510000,552000,635000,670000,652000,560000
WY YUNG,315000,349000,370000,453000,492500,547500,518500
WYCHEPROOF,124500,141500,131000,170000,185000,203500,250000
WYNDHAM VALE,474000,460500,480000,525000,580000,580000,590000
YACKANDANDAH,472500,497500,490000,669000,653000,760000,580000
YALLAMBIE,810000,792500,832500,990000,1023000,942000,852500
YALLOURN NORTH,172000,191000,206000,263000,325000,319500,319500
YARRA GLEN,670000,670000,732500,850500,800000,784500,675000
YARRA JUNCTION,562500,582500,595000,687000,710000,705000,NA
YARRAGON,390000,410000,414000,582500,595000,645000,613500
YARRAM,218000,240000,260000,360000,470000,395000,425000
YARRAVILLE,1045000,971000,1030000,1185000,1210000,1100000,1112500
YARRAWONGA,345000,375000,456500,564500,670000,640000,637500
YEA,390000,435500,422500,570000,617500,550000,496000
YINNAR,245000,255000,292500,465000,550500,567500,NA